Date,Close,High,Low,Open
2018-07-09 00:00,7616.2,7620.1,7616.2,7620.1
2018-07-09 00:05,7615.2,7615.6,7614.6,7615.2
2018-07-09 00:10,7616.7,7617.7,7615.2,7615.5
2018-07-09 00:15,7617.6,7619.2,7615.6,7617
2018-07-09 00:20,7619.2,7619.2,7616.9,7618.6
2018-07-09 00:25,7618.8,7620.9,7618.2,7618.2
2018-07-09 00:30,7622.6,7623.3,7618.8,7619.1
2018-07-09 00:35,7618.6,7622.6,7618.6,7622.3
2018-07-09 00:40,7619.2,7619.8,7617.9,7618.9
2018-07-09 00:45,7619.6,7622.8,7619.2,7619.8
2018-07-09 00:50,7621.2,7622.2,7618.9,7620.2
2018-07-09 00:55,7626.8,7626.8,7621.6,7621.6
2018-07-09 01:00,7626.3,7632.4,7623.6,7628.8
2018-07-09 01:05,7631.3,7631.8,7624.1,7624.8
2018-07-09 01:10,7633.3,7633.6,7629.6,7631.6
2018-07-09 01:15,7634.8,7636.1,7632.3,7633.6
2018-07-09 01:20,7636.6,7636.6,7634.8,7635.3
2018-07-09 01:25,7637.8,7637.8,7636.8,7636.8
2018-07-09 01:30,7638.1,7639.6,7637.8,7638.1
2018-07-09 01:35,7638.3,7638.3,7637.8,7637.8
2018-07-09 01:40,7639.3,7639.6,7638.6,7638.6
2018-07-09 01:45,7641.3,7641.3,7639.6,7639.6
2018-07-09 01:50,7641.8,7642.8,7641.6,7641.8
2018-07-09 01:55,7641.3,7641.8,7641.1,7641.6
2018-07-09 02:00,7640.6,7641.8,7640.6,7641.1
2018-07-09 02:05,7641.6,7641.6,7640.8,7640.8
2018-07-09 02:10,7644.3,7645.1,7641.3,7641.3
2018-07-09 02:15,7648.3,7650.1,7644.3,7644.6
2018-07-09 02:20,7645.6,7648.6,7645.1,7648.6
2018-07-09 02:25,7642.8,7645.3,7642.1,7645.3
2018-07-09 02:30,7645.8,7646.6,7642.1,7643.3
2018-07-09 02:35,7646.6,7646.8,7645.1,7645.6
2018-07-09 02:40,7647.1,7648.6,7646.6,7646.8
2018-07-09 02:45,7651.6,7651.6,7647.3,7647.3
2018-07-09 02:50,7651.1,7652.3,7649.8,7651.8
2018-07-09 02:55,7652.3,7653.1,7651.1,7651.3
2018-07-09 03:00,7654.8,7655.1,7652.3,7652.6
2018-07-09 03:05,7656.3,7657.1,7655.1,7656.1
2018-07-09 03:10,7656.6,7657.3,7655.1,7656.8
2018-07-09 03:15,7652.6,7656.3,7651.8,7656.3
2018-07-09 03:20,7656.1,7656.3,7652.6,7653.3
2018-07-09 03:25,7656.8,7657.1,7656.3,7656.3
2018-07-09 03:30,7656.8,7657.3,7656.6,7657.1
2018-07-09 03:35,7656.3,7656.3,7656.3,7656.3
2018-07-09 03:40,7656.3,7656.3,7655.6,7655.6
2018-07-09 03:45,7656.6,7656.6,7656.6,7656.6
2018-07-09 03:50,7656.6,7656.8,7656.6,7656.8
2018-07-09 03:55,7656.6,7656.6,7656.3,7656.3
2018-07-09 04:00,7657.1,7657.3,7656.3,7656.3
2018-07-09 04:05,7657.1,7657.3,7657.1,7657.3
2018-07-09 04:10,7652.3,7653.1,7651.1,7651.3
2018-07-09 04:15,7656.3,7657.8,7656.3,7657.6
2018-07-09 04:20,7656.8,7657.1,7656.1,7656.6
2018-07-09 04:25,7656.8,7657.1,7656.3,7656.6
2018-07-09 04:30,7659.3,7660.1,7656.8,7657.1
2018-07-09 04:35,7659.1,7660.1,7659.1,7659.1
2018-07-09 04:40,7659.1,7659.3,7659.1,7659.3
2018-07-09 04:45,7657.8,7659.3,7656.3,7659.3
2018-07-09 04:55,7657.6,7657.6,7657.6,7657.6
2018-07-09 05:00,7659.6,7659.6,7657.8,7657.8
2018-07-09 05:05,7658.8,7660.1,7658.1,7659.8
2018-07-09 05:10,7658.6,7658.6,7658.1,7658.6
2018-07-09 05:15,7658.8,7659.3,7658.8,7659.3
2018-07-09 05:20,7658.6,7658.6,7658.3,7658.6
2018-07-09 05:25,7659.1,7659.3,7658.8,7658.8
2018-07-09 05:30,7658.1,7660.6,7658.1,7659.3
2018-07-09 05:35,7658.8,7658.8,7658.3,7658.6
2018-07-09 05:40,7658.8,7658.8,7658.3,7658.3
2018-07-09 05:45,7658.3,7659.1,7658.3,7658.6
2018-07-09 05:50,7658.3,7658.6,7658.3,7658.6
2018-07-09 05:55,7657.6,7659.1,7657.3,7659.1
2018-07-09 06:00,7654.8,7657.3,7654.8,7657.3
2018-07-09 06:05,7655.8,7656.3,7655.6,7655.6
2018-07-09 06:10,7658.3,7658.8,7656.1,7656.3
2018-07-09 06:15,7656.8,7658.3,7656.8,7657.3
2018-07-09 06:20,7656.6,7658.3,7656.6,7657.3
2018-07-09 06:25,7656.3,7657.8,7656.3,7656.8
2018-07-09 06:30,7657.1,7657.1,7656.6,7656.6
2018-07-09 06:35,7658.3,7658.3,7656.3,7656.3
2018-07-09 06:40,7656.8,7658.1,7656.6,7658.1
2018-07-09 06:45,7655.6,7657.3,7653.1,7656.6
2018-07-09 06:50,7654.8,7656.3,7654.6,7655.3
2018-07-09 06:55,7654.8,7655.8,7653.8,7655.1
2018-07-09 07:00,7650.8,7656.2,7648.6,7655.6
2018-07-09 07:05,7652.3,7652.8,7650.3,7651.1
2018-07-09 07:10,7651.1,7652.6,7650.1,7652.6
2018-07-09 07:15,7650.3,7652.1,7649.8,7651.3
2018-07-09 07:20,7647.1,7651.1,7646.8,7650.6
2018-07-09 07:25,7648.8,7650.1,7646.8,7647.6
2018-07-09 07:30,7644.6,7649.6,7644.6,7648.6
2018-07-09 07:35,7643.6,7644.8,7642.1,7644.8
2018-07-09 07:40,7641.1,7643.6,7640.1,7643.1
2018-07-09 07:45,7639.6,7641.6,7637.3,7641.3
2018-07-09 07:50,7641.8,7642.8,7639.6,7639.8
2018-07-09 07:55,7645.3,7645.6,7641.6,7641.6
2018-07-09 08:00,7645.3,7650.1,7641.6,7645.3
2018-07-09 08:05,7648.6,7651.1,7644.6,7645.1
2018-07-09 08:10,7650.6,7651.6,7647.1,7648.8
2018-07-09 08:15,7642.1,7652.1,7641.6,7650.8
2018-07-09 08:20,7645.1,7645.1,7639.1,7641.1
2018-07-09 08:25,7651.1,7653.1,7644.6,7644.8
2018-07-09 08:30,7660.1,7660.1,7651.3,7651.3
2018-07-09 08:35,7652.1,7661.1,7651.6,7659.8
2018-07-09 08:40,7648.6,7652.6,7648.1,7651.1
2018-07-09 08:45,7649.6,7650.3,7646.8,7649.1
2018-07-09 08:50,7647.6,7651.1,7646.8,7650.1
2018-07-09 08:55,7644.1,7649.1,7644.1,7647.3
2018-07-09 09:00,7635.6,7645.6,7635.1,7643.6
2018-07-09 09:05,7636.3,7637.1,7632.6,7635.8
2018-07-09 09:10,7635.6,7638.8,7634.1,7636.6
2018-07-09 09:15,7633.1,7636.1,7632.8,7635.1
2018-07-09 09:20,7626.6,7633.6,7623.6,7633.3
2018-07-09 09:25,7629.6,7630.1,7625.6,7626.8
2018-07-09 09:30,7631.3,7632.3,7628.6,7629.3
2018-07-09 09:35,7626.6,7631.6,7625.6,7631.6
2018-07-09 09:40,7628.1,7628.6,7624.6,7627.1
2018-07-09 09:45,7627.1,7628.8,7626.1,7628.3
2018-07-09 09:50,7652.1,7661.1,7651.6,7659.8
2018-07-09 09:55,7628.3,7629.6,7626.6,7628.6
2018-07-09 10:00,7634.1,7634.6,7627.3,7628.1
2018-07-09 10:05,7633.6,7634.8,7633.1,7634.8
2018-07-09 10:10,7633.8,7634.8,7632.1,7633.8
2018-07-09 10:15,7635.6,7636.1,7633.1,7633.6
2018-07-09 10:20,7637.1,7637.6,7634.6,7635.8
2018-07-09 10:25,7639.1,7640.1,7635.3,7636.8
2018-07-09 10:30,7640.3,7642.6,7638.6,7638.6
2018-07-09 10:35,7640.6,7642.3,7639.3,7640.1
2018-07-09 10:40,7640.1,7642.1,7638.1,7640.8
2018-07-09 10:45,7645.6,7645.6,7640.1,7640.6
2018-07-09 10:50,7649.1,7649.6,7645.1,7645.3
2018-07-09 10:55,7650.1,7651.3,7647.1,7649.3
2018-07-09 11:00,7647.1,7651.1,7647.1,7650.3
2018-07-09 11:05,7646.1,7648.1,7645.8,7647.6
2018-07-09 11:10,7648.1,7648.8,7645.1,7646.3
2018-07-09 11:15,7650.8,7651.1,7647.8,7648.6
2018-07-09 11:20,7648.6,7651.1,7648.1,7651.1
2018-07-09 11:25,7648.6,7649.1,7647.6,7648.3
2018-07-09 11:30,7648.1,7650.1,7647.6,7648.8
2018-07-09 11:35,7645.8,7648.1,7645.1,7647.8
2018-07-09 11:40,7647.1,7647.3,7644.1,7645.6
2018-07-09 11:45,7648.1,7649.6,7646.1,7646.8
2018-07-09 11:50,7646.1,7649.1,7645.6,7648.6
2018-07-09 11:55,7648.1,7648.6,7645.6,7645.8
2018-07-09 12:00,7645.6,7649.6,7645.6,7647.8
2018-07-09 12:05,7646.6,7648.1,7643.8,7645.8
2018-07-09 12:10,7644.1,7647.1,7643.8,7646.1
2018-07-09 12:15,7644.1,7646.1,7643.1,7644.6
2018-07-09 12:20,7641.1,7644.1,7640.6,7643.8
2018-07-09 12:25,7639.6,7641.1,7638.8,7640.8
2018-07-09 12:30,7636.3,7639.3,7635.8,7639.1
2018-07-09 12:35,7639.3,7639.8,7635.8,7636.6
2018-07-09 12:40,7641.1,7641.3,7639.1,7640.3
2018-07-09 12:45,7640.1,7640.8,7638.6,7640.8
2018-07-09 12:50,7638.6,7641.1,7638.1,7639.8
2018-07-09 12:55,7636.1,7639.6,7636.1,7638.8
2018-07-09 13:00,7635.8,7636.6,7632.6,7636.3
2018-07-09 13:05,7635.8,7636.6,7634.6,7636.1
2018-07-09 13:10,7638.3,7638.6,7636.1,7636.1
2018-07-09 13:15,7637.8,7639.6,7636.8,7638.1
2018-07-09 13:20,7641.8,7642.6,7637.8,7638.1
2018-07-09 13:25,7642.3,7643.6,7640.6,7641.6
2018-07-09 13:30,7639.6,7642.6,7639.6,7642.1
2018-07-09 13:35,7639.1,7642.1,7639.1,7639.8
2018-07-09 13:40,7641.1,7641.6,7639.1,7639.6
2018-07-09 13:45,7643.1,7643.6,7640.6,7641.3
2018-07-09 13:50,7642.6,7643.6,7641.6,7642.8
2018-07-09 13:55,7640.8,7644.1,7640.6,7642.8
2018-07-09 14:00,7642.3,7644.6,7641.1,7641.1
2018-07-09 14:05,7640.6,7643.6,7640.6,7642.6
2018-07-09 14:10,7637.6,7640.3,7637.6,7640.1
2018-07-09 14:15,7639.1,7639.6,7637.1,7637.3
2018-07-09 14:20,7639.1,7639.8,7637.1,7639.3
2018-07-09 14:25,7635.6,7639.6,7635.1,7638.8
2018-07-09 14:30,7635.1,7636.3,7633.1,7636.1
2018-07-09 14:35,7636.6,7637.1,7634.1,7635.3
2018-07-09 14:40,7642.6,7643.6,7634.6,7637.1
2018-07-09 14:45,7644.6,7646.6,7640.6,7642.8
2018-07-09 14:50,7637.8,7644.1,7637.6,7644.1
2018-07-09 14:55,7647.1,7647.8,7637.6,7638.1
2018-07-09 15:00,7642.6,7651.1,7640.1,7646.6
2018-07-09 15:05,7653.3,7658.6,7642.1,7642.8
2018-07-09 15:10,7651.3,7656.3,7651,7653
2018-07-09 15:15,7651.8,7653.3,7647.5,7651.5
2018-07-09 15:20,7654,7655.3,7650.3,7652
2018-07-09 15:25,7659.3,7660.3,7651.8,7654.3
2018-07-09 15:30,7666.3,7666.3,7659.5,7659.8
2018-07-09 15:35,7672,7673.8,7665.8,7665.8
2018-07-09 15:40,7682.3,7682.3,7672.3,7672.3
2018-07-09 15:45,7685,7687.5,7680,7682.8
2018-07-09 15:50,7686.8,7687.5,7683.3,7685.3
2018-07-09 15:55,7693.8,7693.8,7683,7686.5
2018-07-09 16:00,7690.3,7697.5,7689.3,7692.8
2018-07-09 16:05,7690.8,7691.8,7688.3,7690
2018-07-09 16:10,7696.8,7696.8,7689.8,7690.3
2018-07-09 16:15,7691.8,7698,7688,7697
2018-07-09 16:20,7697.3,7697.5,7691.3,7691.3
2018-07-09 16:25,7693.3,7697.5,7690.8,7697.5
2018-07-09 16:30,7691.8,7695.5,7686.8,7693.5
2018-07-09 16:35,7692.8,7695,7688.8,7690.8
2018-07-09 16:40,7690,7694.3,7688.8,7693
2018-07-09 16:45,7690,7692.8,7689.3,7689.8
2018-07-09 16:50,7696.3,7696.3,7689.5,7690.3
2018-07-09 16:55,7706.3,7709.5,7693.8,7696.5
2018-07-09 17:00,7708.8,7708.8,7700.5,7705.8
2018-07-09 17:05,7711,7713,7709,7709.3
2018-07-09 17:10,7708.8,7710.8,7707.8,7710.8
2018-07-09 17:15,7708,7709.3,7705.3,7708.3
2018-07-09 17:20,7707.5,7708.3,7704.5,7708.3
2018-07-09 17:25,7709.5,7712,7707.8,7707.8
2018-07-09 17:30,7709.3,7710.8,7706.5,7709.8
2018-07-09 17:35,7708.8,7709.8,7706,7709.5
2018-07-09 17:40,7708,7708.8,7705,7708.3
2018-07-09 17:45,7708,7709.5,7707.5,7707.8
2018-07-09 17:50,7709,7709.3,7707.5,7708.3
2018-07-09 17:55,7708,7711.5,7708,7709.3
2018-07-09 18:00,7712,7712,7707.3,7708.3
2018-07-09 18:05,7706,7712.8,7706,7712.3
2018-07-09 18:10,7702.5,7706.5,7702.3,7706.3
2018-07-09 18:15,7706,7707.3,7702.5,7702.8
2018-07-09 18:20,7706.5,7708,7704.8,7705.8
2018-07-09 18:25,7701.5,7706.8,7701.5,7706.8
2018-07-09 18:30,7703,7705,7701.3,7701.3
2018-07-09 18:35,7703.8,7705.5,7701.8,7702.8
2018-07-09 18:40,7691.5,7703,7690.8,7703
2018-07-09 18:45,7693,7695,7689.5,7691.8
2018-07-09 18:50,7693,7693.8,7688.8,7693.3
2018-07-09 18:55,7691.3,7695,7690.3,7693.3
2018-07-09 19:00,7690.5,7692.5,7690.3,7691.5
2018-07-09 19:05,7685.8,7690.8,7685.5,7690.3
2018-07-09 19:10,7694.3,7694.3,7685.5,7685.5
2018-07-09 19:15,7693.3,7694.8,7692,7694
2018-07-09 19:20,7694.8,7695,7692.5,7693.5
2018-07-09 19:25,7695.3,7695.5,7692.5,7694.5
2018-07-09 19:30,7696.3,7697.8,7694.3,7695
2018-07-09 19:35,7696.3,7697.3,7695.5,7695.5
2018-07-09 19:40,7700.3,7700.3,7695.5,7695.8
2018-07-09 19:45,7699.8,7700.5,7698.3,7700.5
2018-07-09 19:50,7699,7701.5,7697.5,7699.5
2018-07-09 19:55,7697.5,7700.8,7697.5,7699.3
2018-07-09 20:00,7698,7700,7696.5,7697.8
2018-07-09 20:05,7699.3,7699.5,7697.5,7697.8
2018-07-09 20:10,7697.5,7699.3,7696.8,7699
2018-07-09 20:15,7692.8,7697.3,7691.3,7697.3
2018-07-09 20:20,7693.8,7694.8,7692.8,7693.3
2018-07-09 20:25,7696.3,7696.3,7693.3,7694.3
2018-07-09 20:30,7697.3,7697.8,7694.5,7696
2018-07-09 20:35,7698.8,7698.8,7695.3,7696.8
2018-07-09 20:40,7700.3,7701.3,7697.5,7698.3
2018-07-09 20:45,7696,7700.3,7695.5,7700
2018-07-09 20:50,7698.8,7699,7691.3,7695.8
2018-07-09 20:55,7696.5,7704.3,7694.3,7699
2018-07-09 21:00,7701.8,7703.1,7696.5,7697.1
2018-07-09 21:05,7699.9,7702.4,7699.9,7701.1
2018-07-09 21:10,7703.4,7703.9,7699.9,7700.5
2018-07-09 21:15,7703.3,7703.6,7702.4,7703.6
2018-07-09 21:20,7704.3,7704.4,7704.1,7704.3
2018-07-09 21:25,7704.2,7704.6,7704.1,7704.2
2018-07-09 21:30,7704.9,7705.5,7703.7,7704.6
2018-07-09 21:35,7704.3,7705.5,7704.3,7704.3
2018-07-09 21:40,7704.3,7704.9,7703.7,7704.9
2018-07-09 21:45,7705.5,7705.5,7703.7,7703.7
2018-07-09 21:50,7705.5,7705.5,7704.3,7704.9
2018-07-09 21:55,7704.2,7705.5,7703.7,7704.9
2018-07-09 22:05,7702.5,7703.2,7702.2,7702.2
2018-07-09 22:10,7702.5,7703.1,7702.5,7702.8
2018-07-09 22:15,7703.2,7703.2,7702.6,7702.6
2018-07-09 22:20,7703.6,7703.9,7703.2,7703.3
2018-07-09 22:25,7703.5,7703.6,7703.5,7703.5
2018-07-09 22:30,7703.2,7703.4,7703.1,7703.2
2018-07-09 22:35,7703,7703.4,7703,7703.4
2018-07-09 22:40,7703.3,7703.4,7703.3,7703.3
2018-07-09 22:45,7703.2,7703.4,7702.9,7703.2
2018-07-09 22:50,7702.8,7703,7702.8,7703
2018-07-09 22:55,7703.2,7703.2,7702.8,7702.9
2018-07-09 23:00,7700.8,7702.9,7700.8,7702.3
2018-07-09 23:05,7699.8,7701.4,7699.1,7701.4
2018-07-09 23:10,7699.1,7699.8,7697.9,7699.1
2018-07-09 23:15,7702.4,7703.6,7701.1,7701.1
2018-07-09 23:20,7702.4,7703,7702.4,7702.7
2018-07-09 23:25,7703,7703,7702.4,7703
2018-07-09 23:30,7703,7703,7702.4,7702.7
2018-07-09 23:35,7703.6,7703.6,7702.4,7702.7
2018-07-09 23:40,7704.2,7704.2,7703,7703.3
2018-07-09 23:45,7706.7,7706.7,7704.2,7704.8
2018-07-09 23:50,7709.8,7710.4,7706.7,7707.9
2018-07-09 23:55,7710.4,7711,7709.8,7710.4
2018-07-10 00:00,7710.4,7710.4,7709.8,7709.8
2018-07-10 00:05,7709.8,7710.4,7709.8,7709.8
2018-07-10 00:10,7711.6,7711.6,7710.1,7710.1
2018-07-10 00:15,7712.8,7712.8,7711,7711.3
2018-07-10 00:20,7711.6,7712.8,7711.6,7712.2
2018-07-10 00:25,7711.6,7712.2,7711.6,7712.2
2018-07-10 00:30,7711.7,7712.6,7711.4,7712.2
2018-07-10 00:35,7710.8,7711.4,7710.8,7711.4
2018-07-10 00:40,7713.8,7713.8,7710.8,7711.4
2018-07-10 00:45,7713.8,7714.5,7713.2,7714.5
2018-07-10 00:50,7715.2,7716.5,7713.2,7713.2
2018-07-10 00:55,7714.2,7715.2,7713,7714.6
2018-07-10 01:00,7708.3,7714.2,7708.3,7713.9
2018-07-10 01:05,7705,7707.5,7704.5,7707.5
2018-07-10 01:10,7706,7706.3,7701,7704.3
2018-07-10 01:15,7706.3,7707.3,7704.3,7706.3
2018-07-10 01:20,7705.8,7707.3,7705.8,7706
2018-07-10 01:25,7705.5,7706.3,7705.3,7706.3
2018-07-10 01:35,7706.5,7707.3,7706,7707.3
2018-07-10 01:40,7711.3,7711.8,7707.8,7707.8
2018-07-10 01:45,7710.8,7713,7710.8,7711.5
2018-07-10 01:50,7710.8,7716.3,7710.3,7710.5
2018-07-10 01:55,7711.3,7711.3,7709.3,7710.3
2018-07-10 02:00,7711,7711.3,7710.5,7710.8
2018-07-10 02:05,7707.3,7711,7707.3,7710.8
2018-07-10 02:10,7703.3,7707.8,7703.3,7707.8
2018-07-10 02:15,7701.3,7703,7700.5,7703
2018-07-10 02:20,7702.8,7702.8,7701.3,7701.8
2018-07-10 02:25,7702.3,7704.3,7702.3,7703
2018-07-10 02:30,7701.5,7704.3,7701.5,7702.5
2018-07-10 02:35,7701,7701.3,7699.3,7701.3
2018-07-10 02:40,7698.3,7700.8,7698.3,7700.8
2018-07-10 02:45,7698.8,7698.8,7697.5,7698.5
2018-07-10 02:50,7701,7702.8,7698.3,7699.8
2018-07-10 02:55,7698.8,7701.8,7698.8,7700.8
2018-07-10 03:00,7701,7702,7698.5,7698.5
2018-07-10 03:05,7702,7702.5,7701.3,7701.3
2018-07-10 03:10,7702.8,7703,7701.3,7701.8
2018-07-10 03:15,7700.5,7703,7700.3,7703
2018-07-10 03:20,7701,7701.3,7700,7700.3
2018-07-10 03:25,7700.3,7700.8,7700.3,7700.8
2018-07-10 03:30,7699.3,7700.8,7699,7700.5
2018-07-10 03:35,7693.8,7699.3,7693.8,7699
2018-07-10 03:40,7693.3,7693.3,7692.8,7693.3
2018-07-10 03:45,7694.8,7695.8,7692.8,7693
2018-07-10 03:50,7694.8,7696.3,7694.3,7695
2018-07-10 03:55,7695.5,7696.3,7695,7695.8
2018-07-10 04:00,7695.3,7695.8,7694,7695.3
2018-07-10 04:05,7695.3,7695.8,7695,7695
2018-07-10 04:10,7695.5,7695.5,7695,7695.5
2018-07-10 04:15,7698.3,7698.3,7695.8,7696
2018-07-10 04:20,7701,7701,7698.3,7698.5
2018-07-10 04:25,7701.8,7701.8,7700,7700.8
2018-07-10 04:30,7700.3,7701.3,7699.3,7701
2018-07-10 04:35,7699.3,7700.5,7698.8,7700
2018-07-10 04:40,7699.3,7699.8,7698.5,7698.5
2018-07-10 04:45,7700,7700.8,7698.8,7699
2018-07-10 04:50,7700.5,7700.5,7700.3,7700.3
2018-07-10 04:55,7700.3,7701,7700.3,7701
2018-07-10 05:00,7700.3,7701,7699.5,7700.8
2018-07-10 05:05,7701,7701.5,7699.8,7701
2018-07-10 05:10,7701.5,7701.5,7700.8,7701.5
2018-07-10 05:15,7702.3,7702.8,7701.8,7701.8
2018-07-10 05:20,7703,7703.3,7702.3,7702.5
2018-07-10 05:25,7703.3,7703.3,7703,7703.3
2018-07-10 05:30,7702,7703.3,7702,7703
2018-07-10 05:35,7704,7704,7702,7702.5
2018-07-10 05:40,7702.8,7703.8,7702.8,7703.8
2018-07-10 05:45,7702.5,7703.3,7702.3,7702.5
2018-07-10 05:50,7702.3,7703.3,7702.3,7702.8
2018-07-10 05:55,7702.3,7702.3,7700.3,7702
2018-07-10 06:00,7702.5,7703,7702.5,7702.5
2018-07-10 06:05,7705.5,7705.8,7703,7703
2018-07-10 06:10,7704.5,7707.5,7704.5,7705.8
2018-07-10 06:15,7706,7706.3,7704.5,7705
2018-07-10 06:20,7704.8,7706.3,7704.8,7706.3
2018-07-10 06:25,7703.8,7705.5,7703.8,7705
2018-07-10 06:30,7699,7704,7698.8,7704
2018-07-10 06:35,7699.3,7699.3,7695.3,7698.8
2018-07-10 06:40,7700.8,7701,7699,7699
2018-07-10 06:45,7700.3,7701.3,7699.3,7701
2018-07-10 06:50,7700.3,7701.8,7699.5,7699.5
2018-07-10 06:55,7699.3,7700.5,7699,7700
2018-07-10 07:00,7695,7701.5,7694.8,7699
2018-07-10 07:05,7693.3,7698,7691.3,7694.8
2018-07-10 07:10,7688.8,7692.8,7688.3,7692.8
2018-07-10 07:15,7687.3,7689.8,7686.8,7689
2018-07-10 07:20,7685.3,7687.3,7682.3,7687
2018-07-10 07:25,7692.3,7693.5,7685.8,7686
2018-07-10 07:30,7691,7695.8,7690.8,7692.5
2018-07-10 07:35,7691.8,7691.8,7691,7691.3
2018-07-10 07:40,7690.5,7692.8,7690.3,7691.5
2018-07-10 07:45,7689.8,7691.8,7689,7690.8
2018-07-10 07:50,7688.8,7689.8,7687.3,7689.5
2018-07-10 07:55,7693,7694.5,7687.8,7688.3
2018-07-10 08:00,7694.8,7701,7692.8,7693
2018-07-10 08:05,7695.8,7699,7693.3,7694.5
2018-07-10 08:10,7687.8,7697.8,7687.3,7695.3
2018-07-10 08:15,7697.3,7697.8,7688,7688
2018-07-10 08:20,7699,7700.3,7697,7697.5
2018-07-10 08:25,7695.8,7701.3,7693.3,7699.3
2018-07-10 08:30,7687.3,7689.8,7686.8,7689
2018-07-10 08:35,7698.3,7700.8,7696.8,7698.3
2018-07-10 08:40,7689.9,7699.9,7689.1,7698.4
2018-07-10 08:45,7691.9,7693.6,7689.1,7690.1
2018-07-10 08:50,7684.9,7692.9,7683.4,7692.6
2018-07-10 08:55,7680.9,7685.4,7677.9,7685.1
2018-07-10 09:00,7681.6,7682.9,7678.9,7681.1
2018-07-10 09:05,7676.9,7682.4,7675.9,7681.4
2018-07-10 09:10,7680.9,7681.4,7677.1,7677.1
2018-07-10 09:15,7681.9,7682.4,7677.1,7680.6
2018-07-10 09:20,7680.9,7683.4,7677.6,7682.1
2018-07-10 09:25,7682.9,7684.4,7679.9,7680.4
2018-07-10 09:30,7686.4,7690.9,7681.6,7682.6
2018-07-10 09:35,7684.9,7686.9,7682.9,7686.6
2018-07-10 09:40,7685.1,7686.6,7683.9,7685.4
2018-07-10 09:45,7686.9,7688.1,7684.1,7685.4
2018-07-10 09:50,7689.4,7689.9,7686.4,7686.6
2018-07-10 09:55,7691.6,7692.4,7689.4,7689.6
2018-07-10 10:00,7693.4,7693.6,7690.9,7691.9
2018-07-10 10:05,7692.1,7693.4,7690.4,7693.1
2018-07-10 10:10,7692.9,7694.9,7692.4,7692.4
2018-07-10 10:15,7693.9,7695.9,7692.9,7693.1
2018-07-10 10:20,7696.6,7697.4,7692.6,7693.6
2018-07-10 10:25,7695.9,7697.9,7695.6,7696.4
2018-07-10 10:30,7693.9,7697.4,7693.9,7695.4
2018-07-10 10:35,7693.4,7695.4,7692.9,7694.1
2018-07-10 10:40,7696.9,7696.9,7693.4,7693.6
2018-07-10 10:45,7699.9,7699.9,7696.9,7697.4
2018-07-10 10:50,7697.6,7699.9,7696.9,7699.6
2018-07-10 10:55,7702.4,7702.6,7697.9,7697.9
2018-07-10 11:00,7705.4,7705.9,7701.9,7702.6
2018-07-10 11:05,7705.6,7706.4,7703.9,7705.1
2018-07-10 11:10,7709.6,7710.4,7705.4,7705.4
2018-07-10 11:15,7711.4,7712.4,7708.9,7709.9
2018-07-10 11:20,7712.4,7712.9,7710.4,7711.9
2018-07-10 11:25,7712.9,7715.9,7711.4,7711.9
2018-07-10 11:30,7710.6,7712.9,7708.9,7712.6
2018-07-10 11:35,7712.9,7715.1,7710.4,7710.4
2018-07-10 11:40,7709.4,7713.4,7709.4,7712.4
2018-07-10 11:45,7705.4,7709.4,7704.4,7709.1
2018-07-10 11:50,7702.1,7706.4,7700.9,7705.9
2018-07-10 11:55,7696.9,7701.9,7695.4,7701.9
2018-07-10 12:00,7693.9,7699.4,7693.6,7696.6
2018-07-10 12:05,7696.4,7698.9,7691.9,7693.6
2018-07-10 12:10,7699.4,7701.4,7696.4,7696.6
2018-07-10 12:15,7702.4,7702.9,7698.4,7699.6
2018-07-10 12:20,7703.9,7704.1,7701.9,7702.1
2018-07-10 12:25,7705.9,7706.1,7702.9,7703.6
2018-07-10 12:30,7705.1,7706.6,7704.9,7705.6
2018-07-10 12:35,7704.9,7706.4,7704.1,7704.9
2018-07-10 12:40,7701.5,7705,7701,7704.5
2018-07-10 12:45,7699.7,7701.2,7694.7,7701.2
2018-07-10 12:50,7700.5,7702,7699,7699.5
2018-07-10 12:55,7701,7702.2,7699.5,7699.7
2018-07-10 13:00,7701,7702,7699.5,7702
2018-07-10 13:05,7696.7,7702.2,7696.5,7700.7
2018-07-10 13:10,7695.5,7697.5,7694,7696.5
2018-07-10 13:15,7697.5,7697.7,7695.2,7695.2
2018-07-10 13:20,7698.5,7700,7696.7,7697.2
2018-07-10 13:25,7693,7698.5,7692,7698
2018-07-10 13:30,7693,7695,7692,7693.2
2018-07-10 13:35,7691,7694,7689.5,7693.2
2018-07-10 13:40,7694.5,7694.5,7690.5,7690.5
2018-07-10 13:45,7692.5,7694.7,7691.5,7694.2
2018-07-10 13:50,7689,7693,7688.5,7693
2018-07-10 13:55,7689,7690,7685.2,7688.7
2018-07-10 14:00,7690.2,7692.5,7689,7689.5
2018-07-10 14:05,7689.7,7693.5,7689.5,7690.5
2018-07-10 14:10,7701,7702.2,7699.5,7699.7
2018-07-10 14:15,7688,7689,7686,7687.5
2018-07-10 14:20,7687.5,7689.5,7687.2,7688.2
2018-07-10 14:25,7688,7689.5,7685.2,7687.2
2018-07-10 14:30,7693.5,7694.2,7687.5,7687.7
2018-07-10 14:35,7702.2,7702.5,7693.7,7693.7
2018-07-10 14:40,7701.5,7703,7697,7702.5
2018-07-10 14:45,7699.2,7702.2,7698.2,7702
2018-07-10 14:50,7702,7704.5,7699.5,7699.5
2018-07-10 14:55,7710.2,7710.5,7701,7701.5
2018-07-10 15:00,7705,7710.5,7705,7709
2018-07-10 15:05,7706.5,7709.5,7704.2,7705.5
2018-07-10 15:10,7702.6,7707.6,7702.6,7706.6
2018-07-10 15:15,7705.3,7706.6,7703.1,7703.1
2018-07-10 15:20,7703.3,7706.6,7703.1,7705.6
2018-07-10 15:25,7699.8,7705.6,7698.1,7703.6
2018-07-10 15:30,7700.8,7704.6,7698.1,7700.1
2018-07-10 15:35,7697.6,7701.6,7697.6,7701.1
2018-07-10 15:40,7698.1,7700.6,7697.1,7697.3
2018-07-10 15:45,7696.3,7699.6,7696.1,7698.3
2018-07-10 15:50,7694.6,7698.1,7693.6,7696.6
2018-07-10 15:55,7698.6,7698.6,7693.3,7694.8
2018-07-10 16:00,7698.1,7700.8,7698.1,7698.8
2018-07-10 16:05,7699.1,7701.6,7697.1,7697.8
2018-07-10 16:10,7692.6,7699.6,7692.1,7699.3
2018-07-10 16:15,7696.1,7697.6,7691.8,7693.1
2018-07-10 16:20,7692.1,7697.6,7691.6,7696.3
2018-07-10 16:25,7696.1,7698.6,7690.6,7691.8
2018-07-10 16:30,7692.1,7699.6,7690.1,7696.6
2018-07-10 16:35,7690.3,7693.6,7689.6,7692.3
2018-07-10 16:40,7691.1,7692.6,7690.1,7690.1
2018-07-10 16:45,7696.8,7697.6,7690.6,7691.3
2018-07-10 16:50,7699.8,7702.6,7696.6,7696.6
2018-07-10 16:55,7701.3,7701.3,7697.6,7699.6
2018-07-10 17:00,7701.8,7704.6,7700.6,7701.1
2018-07-10 17:05,7699.8,7703.8,7699.8,7702.1
2018-07-10 17:10,7700.8,7701.8,7700.1,7700.1
2018-07-10 17:15,7700.8,7701.8,7700.3,7700.6
2018-07-10 17:20,7696.3,7702.6,7696.1,7700.6
2018-07-10 17:25,7698.6,7699.6,7696.1,7696.1
2018-07-10 17:30,7700.1,7700.8,7698.8,7699.1
2018-07-10 17:35,7700.1,7700.8,7698.8,7700.3
2018-07-10 17:40,7697.6,7701.1,7697.3,7700.3
2018-07-10 17:45,7695.3,7698.8,7695.3,7697.8
2018-07-10 17:50,7692.8,7695.3,7692.8,7694.8
2018-07-10 17:55,7696.3,7696.3,7692.1,7693.1
2018-07-10 18:00,7696.3,7698.1,7694.3,7695.6
2018-07-10 18:05,7694.6,7697.6,7694.3,7696.6
2018-07-10 18:10,7693.6,7695.1,7692.3,7694.3
2018-07-10 18:15,7692.3,7693.6,7691.1,7693.3
2018-07-10 18:20,7691.6,7693.3,7691.6,7692.1
2018-07-10 18:25,7691.6,7692.6,7691.1,7691.3
2018-07-10 18:30,7690.6,7692.1,7690.6,7691.3
2018-07-10 18:35,7686.6,7690.8,7686.6,7690.8
2018-07-10 18:40,7687.3,7688.6,7686.6,7686.8
2018-07-10 18:45,7683.8,7687.6,7683.3,7687.1
2018-07-10 18:50,7683.8,7684.1,7682.6,7683.6
2018-07-10 18:55,7685.8,7687.1,7683.6,7683.6
2018-07-10 19:00,7689.6,7689.8,7685.6,7685.6
2018-07-10 19:05,7691.3,7691.3,7689.3,7689.8
2018-07-10 19:10,7693.1,7693.8,7691.3,7691.8
2018-07-10 19:15,7692.8,7693.3,7691.3,7693.3
2018-07-10 19:20,7692.8,7693.6,7691.6,7693.1
2018-07-10 19:25,7693.3,7695.8,7692.3,7692.6
2018-07-10 19:30,7692.8,7694.1,7692.6,7693.6
2018-07-10 19:35,7693.8,7693.8,7691.6,7692.6
2018-07-10 19:40,7693.3,7694.8,7693.1,7693.6
2018-07-10 19:45,7696.3,7696.6,7693.1,7693.1
2018-07-10 19:50,7686.6,7690.8,7686.6,7690.8
2018-07-10 19:55,7697.3,7698.1,7693.6,7694.6
2018-07-10 20:00,7696.8,7697.8,7694.8,7697.6
2018-07-10 20:05,7696.8,7697.3,7695.6,7696.6
2018-07-10 20:10,7696.1,7698.3,7695.8,7697.3
2018-07-10 20:15,7698.1,7698.6,7696.3,7696.3
2018-07-10 20:20,7700.6,7700.6,7697.8,7698.3
2018-07-10 20:25,7697.1,7700.1,7695.8,7699.8
2018-07-10 20:30,7699.6,7699.8,7697.3,7697.3
2018-07-10 20:35,7701.3,7701.8,7698.6,7699.3
2018-07-10 20:40,7700.6,7701.8,7699.3,7701.1
2018-07-10 20:45,7700.1,7701.1,7699.1,7700.8
2018-07-10 20:50,7703.1,7703.1,7701.1,7701.1
2018-07-10 20:55,7697.2,7705.6,7696.1,7702.8
2018-07-10 21:00,7702.3,7702.3,7696,7698.4
2018-07-10 21:05,7702.5,7703.5,7701,7702.9
2018-07-10 21:10,7700.6,7703.1,7699.7,7703.1
2018-07-10 21:15,7700.6,7700.8,7700,7700.5
2018-07-10 21:20,7700.8,7701.1,7700.7,7700.7
2018-07-10 21:25,7700.6,7700.8,7700.5,7700.7
2018-07-10 21:30,7702.2,7703.4,7699.7,7700.9
2018-07-10 21:35,7700.3,7702.8,7699.7,7701.6
2018-07-10 21:40,7698.3,7700.9,7697.7,7700.9
2018-07-10 21:45,7697.7,7698.9,7697.1,7697.7
2018-07-10 21:50,7668.6,7700.2,7667.4,7698.3
2018-07-10 21:55,7673.6,7674.7,7661.2,7668
2018-07-10 22:00,7677.6,7679.9,7673.3,7674.2
2018-07-10 22:05,7675.9,7679.6,7675.7,7677.9
2018-07-10 22:10,7675.8,7677.9,7670,7675.5
2018-07-10 22:15,7674.2,7675.9,7671.3,7675.9
2018-07-10 22:20,7676.4,7677.9,7674.1,7674.1
2018-07-10 22:25,7680.6,7681.9,7676,7676.6
2018-07-10 22:30,7678.3,7682,7678.2,7680.2
2018-07-10 22:35,7680.8,7680.8,7676.1,7678.4
2018-07-10 22:40,7684.1,7686,7681.7,7681.8
2018-07-10 22:45,7679.5,7684.3,7679.2,7683.7
2018-07-10 22:50,7679.2,7680.5,7678.4,7679.1
2018-07-10 22:55,7669.2,7679.1,7669.2,7679.1
2018-07-10 23:00,7672.8,7681.8,7669.8,7671.1
2018-07-10 23:05,7668.5,7673.5,7665.1,7671.9
2018-07-10 23:10,7668.5,7670.4,7664.8,7668.8
2018-07-10 23:15,7661.2,7669.1,7659.6,7667.9
2018-07-10 23:20,7657.9,7664.7,7652.7,7661.5
2018-07-10 23:25,7657.9,7659.1,7651.7,7657.2
2018-07-10 23:30,7657.4,7659.7,7651.2,7658.5
2018-07-10 23:35,7659.9,7661.7,7657.4,7657.7
2018-07-10 23:40,7658.9,7666.6,7654,7659.2
2018-07-10 23:45,7653.7,7660.5,7653.7,7658.6
2018-07-10 23:50,7655.4,7658.6,7651.5,7654.3
2018-07-10 23:55,7653.9,7656.3,7653.2,7655.1
2018-07-11 00:00,7659.4,7660.6,7653.9,7654.2
2018-07-11 00:05,7663.7,7664.3,7657.8,7658.8
2018-07-11 00:15,7665.1,7669.4,7663.2,7667.2
2018-07-11 00:20,7665.1,7667.2,7663.2,7664.8
2018-07-11 00:25,7657.7,7664.5,7657.1,7664.5
2018-07-11 00:30,7660.2,7660.8,7655.9,7657.1
2018-07-11 00:35,7658.3,7662.6,7658.3,7659.8
2018-07-11 00:40,7658.1,7660.5,7654.6,7658.9
2018-07-11 00:45,7662.4,7663,7658.1,7658.4
2018-07-11 00:50,7664.8,7666.3,7659.9,7662.7
2018-07-11 00:55,7668.8,7668.8,7664.8,7665.4
2018-07-11 01:00,7657.3,7668.4,7651.1,7666.8
2018-07-11 01:05,7653.3,7659.8,7652.6,7657.1
2018-07-11 01:10,7651.3,7653.6,7650.6,7653.6
2018-07-11 01:15,7653.6,7654.8,7649.3,7651.1
2018-07-11 01:20,7651.1,7653.6,7650.8,7653.3
2018-07-11 01:25,7650.1,7651.1,7648.1,7650.6
2018-07-11 01:30,7665.1,7669.4,7663.2,7667.2
2018-07-11 01:35,7646.3,7648.8,7642.6,7643.1
2018-07-11 01:40,7645.1,7646.3,7645.1,7646.1
2018-07-11 01:45,7642.8,7645.6,7641.6,7644.8
2018-07-11 01:50,7638.1,7642.1,7637.8,7641.6
2018-07-11 01:55,7632.1,7637.3,7631.8,7636.8
2018-07-11 02:00,7628.6,7631.8,7628.1,7631.8
2018-07-11 02:05,7627.8,7628.8,7627.3,7628.8
2018-07-11 02:10,7628.6,7629.1,7627.6,7628.1
2018-07-11 02:15,7622.6,7628.3,7613.6,7628.3
2018-07-11 02:20,7621.8,7623.6,7621.3,7623.1
2018-07-11 02:25,7630.1,7630.6,7622.1,7622.1
2018-07-11 02:30,7629.3,7631.6,7627.3,7630.6
2018-07-11 02:35,7631.6,7631.6,7627.1,7629.1
2018-07-11 02:40,7637.8,7637.8,7632.1,7632.1
2018-07-11 02:45,7636.1,7638.1,7633.8,7637.6
2018-07-11 02:50,7636.8,7638.6,7636.1,7637.8
2018-07-11 02:55,7639.1,7639.1,7636.8,7637.1
2018-07-11 03:00,7645.8,7646.6,7640.1,7640.1
2018-07-11 03:05,7642.6,7645.6,7641.3,7645.6
2018-07-11 03:10,7641.6,7644.3,7641.6,7642.8
2018-07-11 03:15,7638.8,7641.6,7637.6,7641.1
2018-07-11 03:20,7644.3,7644.3,7638.1,7638.1
2018-07-11 03:25,7647.8,7647.8,7645.3,7645.3
2018-07-11 03:30,7650.8,7650.8,7648.8,7649.1
2018-07-11 03:35,7651.1,7652.3,7651.1,7651.1
2018-07-11 03:40,7649.3,7651.1,7647.3,7650.8
2018-07-11 03:45,7647.6,7650.1,7647.6,7649.1
2018-07-11 03:50,7647.6,7647.6,7647.6,7647.6
2018-07-11 03:55,7648.6,7648.8,7647.3,7648.6
2018-07-11 04:00,7647.6,7648.3,7647.1,7648.3
2018-07-11 04:05,7647.6,7648.1,7647.6,7647.8
2018-07-11 04:10,7648.1,7648.3,7648.1,7648.3
2018-07-11 04:15,7649.1,7649.1,7648.6,7648.8
2018-07-11 04:20,7649.1,7649.3,7648.8,7649.3
2018-07-11 04:25,7650.1,7650.1,7648.8,7648.8
2018-07-11 04:30,7654.1,7656.3,7650.3,7650.3
2018-07-11 04:35,7656.6,7657.1,7655.8,7655.8
2018-07-11 04:40,7653.6,7656.8,7653.1,7656.3
2018-07-11 04:45,7653.3,7653.3,7652.1,7653.3
2018-07-11 04:50,7653.8,7653.8,7652.1,7653.6
2018-07-11 04:55,7654.6,7655.6,7652.3,7654.1
2018-07-11 05:00,7654.6,7654.8,7653.8,7654.8
2018-07-11 05:05,7658.3,7658.3,7653.8,7654.3
2018-07-11 05:10,7658.6,7658.6,7657.3,7657.3
2018-07-11 05:15,7653.1,7658.8,7653.1,7658.8
2018-07-11 05:20,7652.8,7652.8,7650.6,7652.6
2018-07-11 05:25,7654.8,7655.3,7653.1,7653.1
2018-07-11 05:30,7654.8,7655.3,7652.8,7655.1
2018-07-11 05:35,7657.3,7657.8,7655.1,7655.1
2018-07-11 05:40,7652.6,7655.8,7651.1,7655.8
2018-07-11 05:45,7651.8,7652.6,7650.6,7652.3
2018-07-11 05:50,7653.6,7653.6,7651.3,7651.3
2018-07-11 05:55,7652.1,7653.6,7652.1,7653.1
2018-07-11 06:00,7649.1,7651.1,7648.3,7650.8
2018-07-11 06:05,7648.3,7649.8,7648.3,7649.6
2018-07-11 06:10,7649.3,7650.6,7649.3,7649.3
2018-07-11 06:15,7649.3,7649.6,7649.1,7649.1
2018-07-11 06:20,7649.3,7650.3,7649.3,7649.6
2018-07-11 06:25,7649.8,7649.8,7649.6,7649.6
2018-07-11 06:30,7651.8,7653.8,7650.1,7650.1
2018-07-11 06:35,7649.8,7651.3,7649.8,7651.3
2018-07-11 06:40,7648.8,7649.6,7648.6,7649.6
2018-07-11 06:45,7649.6,7649.6,7649.1,7649.1
2018-07-11 06:50,7645.6,7649.8,7645.1,7649.8
2018-07-11 06:55,7647.8,7647.8,7644.6,7645.8
2018-07-11 07:00,7645.6,7649.3,7644.6,7645.8
2018-07-11 07:05,7642.6,7648.6,7642.3,7645.1
2018-07-11 07:10,7652.1,7653.6,7652.1,7653.1
2018-07-11 07:15,7641.6,7643.6,7640.6,7641.1
2018-07-11 07:20,7644.1,7644.3,7641.1,7641.8
2018-07-11 07:25,7648.1,7648.8,7643.6,7643.6
2018-07-11 07:30,7647.6,7648.1,7645.1,7647.8
2018-07-11 07:35,7644.8,7648.1,7644.8,7647.3
2018-07-11 07:40,7643.1,7644.8,7641.1,7644.6
2018-07-11 07:45,7644.6,7646.8,7642.6,7643.3
2018-07-11 07:50,7641.6,7644.6,7640.6,7644.1
2018-07-11 07:55,7638.3,7642.3,7636.6,7641.3
2018-07-11 08:00,7626.3,7639.6,7621.6,7638.3
2018-07-11 08:05,7622.1,7629.1,7620.6,7626.1
2018-07-11 08:10,7604.1,7621.8,7604.1,7621.8
2018-07-11 08:15,7596.1,7604.3,7593.6,7604.3
2018-07-11 08:20,7600.6,7600.8,7594.6,7595.6
2018-07-11 08:25,7601.6,7605.1,7598.6,7600.3
2018-07-11 08:30,7600.1,7601.6,7596.1,7601.1
2018-07-11 08:35,7602.6,7606.3,7600.1,7600.3
2018-07-11 08:40,7609.4,7610.4,7603.9,7604.4
2018-07-11 08:45,7602.6,7609.1,7602.4,7609.1
2018-07-11 08:50,7604.9,7604.9,7599.9,7602.9
2018-07-11 08:55,7599.9,7604.9,7599.4,7604.4
2018-07-11 09:00,7599.9,7601.4,7597.9,7599.4
2018-07-11 09:05,7601.6,7601.9,7596.9,7600.1
2018-07-11 09:10,7596.9,7601.4,7594.4,7601.4
2018-07-11 09:15,7590.6,7597.4,7590.4,7596.6
2018-07-11 09:20,7586.9,7591.9,7584.4,7590.9
2018-07-11 09:25,7587.4,7589.9,7585.4,7587.4
2018-07-11 09:30,7588.9,7590.9,7585.9,7587.6
2018-07-11 09:35,7588.4,7589.9,7586.6,7588.4
2018-07-11 09:40,7589.4,7590.9,7586.4,7588.6
2018-07-11 09:45,7586.4,7591.4,7586.4,7589.1
2018-07-11 09:50,7589.9,7590.9,7585.1,7586.1
2018-07-11 09:55,7596.4,7596.4,7588.4,7590.4
2018-07-11 10:00,7590.6,7599.9,7589.9,7596.6
2018-07-11 10:05,7588.4,7591.9,7588.4,7590.4
2018-07-11 10:10,7586.6,7592.4,7586.6,7588.6
2018-07-11 10:15,7585.6,7588.4,7585.6,7586.9
2018-07-11 10:20,7586.9,7588.4,7585.4,7585.4
2018-07-11 10:25,7584.6,7587.4,7583.1,7587.4
2018-07-11 10:30,7581.9,7586.4,7581.9,7584.4
2018-07-11 10:35,7579.9,7581.4,7577.4,7581.4
2018-07-11 10:40,7586.6,7586.9,7579.4,7579.6
2018-07-11 10:45,7585.4,7587.4,7584.9,7586.4
2018-07-11 10:50,7589.4,7589.9,7584.4,7584.9
2018-07-11 10:55,7590.4,7591.4,7587.1,7589.1
2018-07-11 11:00,7591.9,7593.4,7588.4,7590.6
2018-07-11 11:05,7592.4,7592.6,7589.6,7591.6
2018-07-11 11:10,7596.1,7596.4,7590.9,7591.9
2018-07-11 11:15,7598.6,7600.4,7595.4,7595.9
2018-07-11 11:20,7600.9,7603.4,7597.9,7598.4
2018-07-11 11:25,7601.4,7601.9,7597.6,7600.4
2018-07-11 11:30,7599.4,7601.9,7599.4,7601.1
2018-07-11 11:35,7600.4,7600.9,7596.9,7599.6
2018-07-11 11:40,7600.9,7601.9,7598.9,7600.1
2018-07-11 11:45,7604.4,7604.4,7600.4,7600.6
2018-07-11 11:50,7603.1,7605.4,7601.6,7604.1
2018-07-11 11:55,7610.6,7610.9,7601.9,7603.4
2018-07-11 12:00,7607.6,7616.9,7607.4,7610.4
2018-07-11 12:05,7605.9,7609.4,7605.4,7607.4
2018-07-11 12:10,7605.4,7606.9,7604.4,7605.6
2018-07-11 12:15,7604.4,7606.4,7602.9,7605.1
2018-07-11 12:20,7603.9,7604.9,7601.4,7603.9
2018-07-11 12:25,7604.4,7604.9,7600.9,7603.6
2018-07-11 12:30,7606.6,7606.9,7603.9,7604.1
2018-07-11 12:35,7601.6,7606.9,7601.4,7606.4
2018-07-11 12:40,7600.4,7602.4,7599.2,7601.4
2018-07-11 12:45,7605.4,7605.7,7600.2,7600.2
2018-07-11 12:50,7605.7,7607.9,7604.2,7605.2
2018-07-11 12:55,7606.7,7607.7,7604.9,7605.2
2018-07-11 13:00,7604.7,7607.2,7604.4,7606.2
2018-07-11 13:05,7608.7,7608.7,7604.2,7604.4
2018-07-11 13:10,7608.7,7609.7,7607.4,7608.4
2018-07-11 13:15,7607.2,7610.2,7607.2,7608.2
2018-07-11 13:20,7607.4,7608.9,7606.7,7606.9
2018-07-11 13:25,7611.2,7611.2,7604.7,7607.2
2018-07-11 13:30,7613.2,7614.2,7606.7,7611.4
2018-07-11 13:35,7613.9,7615.7,7612.2,7612.9
2018-07-11 13:40,7606.7,7614.2,7606.7,7614.2
2018-07-11 13:45,7603.7,7607.7,7602.2,7607.2
2018-07-11 13:50,7603.2,7605.7,7602.7,7603.4
2018-07-11 13:55,7595.9,7603.2,7591.7,7602.9
2018-07-11 14:00,7597.7,7597.7,7592.7,7595.7
2018-07-11 14:05,7596.7,7599.2,7594.2,7597.4
2018-07-11 14:10,7595.2,7597.7,7594.7,7596.9
2018-07-11 14:15,7596.7,7596.7,7594.7,7594.9
2018-07-11 14:20,7596.7,7599.2,7595.2,7596.2
2018-07-11 14:25,7596.7,7598.4,7593.7,7596.2
2018-07-11 14:30,7605.7,7609.4,7596.9,7596.9
2018-07-11 14:35,7606.9,7609.9,7603.7,7605.9
2018-07-11 14:40,7607.2,7610.4,7606.7,7607.2
2018-07-11 14:45,7606.9,7610.2,7604.7,7607.7
2018-07-11 14:50,7612.9,7613.2,7606.2,7607.2
2018-07-11 14:55,7609.4,7615.2,7605.9,7613.2
2018-07-11 15:00,7613.7,7616.2,7607.2,7609.7
2018-07-11 15:05,7614.2,7619.2,7612.2,7613.2
2018-07-11 15:10,7610.1,7614.6,7610.1,7614.1
2018-07-11 15:15,7614.6,7616.6,7609.6,7610.3
2018-07-11 15:20,7614.6,7617.6,7613.6,7614.8
2018-07-11 15:25,7612.3,7617.1,7612.1,7614.1
2018-07-11 15:30,7621.3,7623.6,7612.1,7612.1
2018-07-11 15:35,7615.8,7623.8,7615.6,7621.1
2018-07-11 15:40,7609.6,7616.1,7609.6,7616.1
2018-07-11 15:45,7607.1,7610.1,7605.6,7610.1
2018-07-11 15:50,7606.6,7607.6,7604.1,7606.8
2018-07-11 15:55,7612.6,7613.1,7605.1,7606.3
2018-07-11 16:00,7615.3,7617.6,7612.6,7613.1
2018-07-11 16:05,7610.3,7616.1,7609.1,7615.6
2018-07-11 16:10,7609.6,7610.3,7606.6,7610.1
2018-07-11 16:15,7604.1,7610.1,7604.1,7609.3
2018-07-11 16:20,7603.6,7604.6,7600.1,7604.6
2018-07-11 16:25,7592.6,7603.6,7591.6,7603.1
2018-07-11 16:30,7593,7596,7591,7592.5
2018-07-11 16:35,7591.5,7595,7590.5,7592.7
2018-07-11 16:40,7587,7595,7585,7592.2
2018-07-11 16:45,7590.7,7591.2,7585.5,7587.2
2018-07-11 16:50,7592.5,7594.7,7586.5,7591
2018-07-11 16:55,7590.7,7597,7589.7,7592.2
2018-07-11 17:00,7594.2,7596,7590.2,7590.5
2018-07-11 17:05,7589,7596.5,7589,7594.5
2018-07-11 17:10,7588.7,7592.2,7588,7588.7
2018-07-11 17:15,7593.2,7595.7,7586.2,7588.5
2018-07-11 17:20,7589.5,7594,7589.5,7592.7
2018-07-11 17:25,7595.7,7595.7,7589.7,7589.7
2018-07-11 17:30,7598.5,7599,7593.7,7595.5
2018-07-11 17:35,7594.2,7598.5,7593.2,7598.2
2018-07-11 17:40,7590.2,7594.5,7590.2,7594.5
2018-07-11 17:45,7592.2,7594,7588.7,7590
2018-07-11 17:50,7592,7594,7590.7,7592.5
2018-07-11 17:55,7586.2,7592.2,7585.5,7591.7
2018-07-11 18:00,7584.7,7588.5,7584.7,7586.7
2018-07-11 18:05,7586.2,7588.5,7584,7584
2018-07-11 18:10,7587.7,7588.2,7584.5,7586
2018-07-11 18:15,7587,7587.7,7585.2,7587.2
2018-07-11 18:20,7589.7,7591,7586,7586.7
2018-07-11 18:25,7587,7591.2,7586.2,7589.5
2018-07-11 18:30,7593.2,7595.7,7586.2,7588.5
2018-07-11 18:35,7584.5,7587.7,7584.2,7587.5
2018-07-11 18:40,7585.5,7587.5,7584,7584.2
2018-07-11 18:45,7582,7586.5,7581.2,7585.7
2018-07-11 18:50,7579,7581.7,7579,7581.7
2018-07-11 18:55,7577.7,7580.5,7577.5,7579.2
2018-07-11 19:00,7578.2,7581.2,7577.5,7577.5
2018-07-11 19:05,7573,7580,7572.7,7578.5
2018-07-11 19:10,7569,7572.5,7567.5,7572.5
2018-07-11 19:15,7570.5,7571,7567.7,7569.2
2018-07-11 19:20,7575.2,7576.5,7569.7,7570.2
2018-07-11 19:25,7581.7,7582,7575.5,7575.5
2018-07-11 19:30,7582.7,7585.2,7582,7582
2018-07-11 19:35,7582.7,7584,7582.2,7583
2018-07-11 19:40,7583.2,7583.7,7579.7,7583.2
2018-07-11 19:45,7583.2,7584,7581.7,7583
2018-07-11 19:50,7581.5,7584.5,7580.7,7583.5
2018-07-11 19:55,7582.5,7583,7580.7,7581.7
2018-07-11 20:00,7583.7,7584.2,7580.7,7582.7
2018-07-11 20:05,7586.7,7587.7,7584.2,7584.2
2018-07-11 20:10,7583.7,7587.2,7583.2,7586.5
2018-07-11 20:15,7581.2,7585,7579.5,7584
2018-07-11 20:20,7582.2,7582.2,7578.7,7581.5
2018-07-11 20:25,7578.5,7582,7577.7,7582
2018-07-11 20:30,7584.2,7584.5,7578.2,7578.2
2018-07-11 20:35,7588,7588.7,7583.2,7584.5
2018-07-11 20:40,7588,7588.7,7587,7588.2
2018-07-11 20:45,7593.2,7594,7588,7588.2
2018-07-11 20:50,7597.5,7597.5,7590.5,7592.2
2018-07-11 20:55,7593.2,7598,7592,7597.2
2018-07-11 21:00,7594.4,7596.9,7592.6,7593.8
2018-07-11 21:05,7592,7595,7591.4,7595
2018-07-11 21:10,7589.2,7592.6,7588.6,7591.4
2018-07-11 21:15,7589.5,7590,7588.8,7589.7
2018-07-11 21:20,7589.3,7589.6,7589.2,7589.3
2018-07-11 21:25,7589.2,7589.7,7589.1,7589.4
2018-07-11 21:30,7592.3,7592.9,7588.6,7588.6
2018-07-11 21:35,7596.5,7596.5,7592.3,7592.9
2018-07-11 21:40,7592.9,7597.2,7592.9,7597.2
2018-07-11 21:45,7596.5,7596.5,7592.9,7593.5
2018-07-11 21:50,7594.7,7597.2,7593.5,7597.2
2018-07-11 21:55,7593.3,7595.9,7592.9,7595.3
2018-07-11 22:00,7594.4,7594.8,7593.1,7593.5
2018-07-11 22:05,7592.8,7594.1,7592.5,7594.1
2018-07-11 22:10,7592.8,7593.3,7592.8,7593
2018-07-11 22:15,7592.7,7592.7,7592.7,7592.7
2018-07-11 22:20,7593.1,7593.1,7592.8,7592.8
2018-07-11 22:30,7592.7,7592.8,7592.6,7592.8
2018-07-11 22:45,7592.8,7592.8,7592.7,7592.8
2018-07-11 22:55,7594.3,7594.8,7593.1,7593.1
2018-07-11 23:00,7596.5,7596.8,7592.2,7595.5
2018-07-11 23:05,7598.3,7598.9,7596.5,7597.1
2018-07-11 23:10,7597.7,7598.9,7597.7,7598.6
2018-07-11 23:15,7595.9,7597.4,7595.9,7597.4
2018-07-11 23:20,7595.3,7596.8,7595.3,7595.3
2018-07-11 23:25,7593.4,7594.9,7593.4,7594.9
2018-07-11 23:30,7592.8,7594.9,7592.8,7594
2018-07-11 23:35,7591.6,7593.4,7591.6,7592.5
2018-07-11 23:40,7589.8,7592.2,7588.5,7591.9
2018-07-11 23:45,7591,7593.4,7589.8,7590.1
2018-07-11 23:50,7592.2,7592.8,7591.3,7591.3
2018-07-11 23:55,7592.8,7593.4,7592.2,7592.5
2018-07-12 00:00,7594,7594,7593.4,7593.4
2018-07-12 00:05,7593.4,7594.6,7593.4,7594.6
2018-07-12 00:10,7591.6,7592.8,7591.6,7592.8
2018-07-12 00:15,7593.4,7593.4,7591.9,7591.9
2018-07-12 00:20,7592.2,7593.1,7592.2,7593.1
2018-07-12 00:25,7593.4,7593.4,7592.2,7592.5
2018-07-12 00:30,7591,7593.1,7590.4,7593.1
2018-07-12 00:35,7592.7,7593,7590.4,7590.4
2018-07-12 00:40,7595.4,7596.6,7593,7593
2018-07-12 00:45,7596.6,7597.9,7596,7596
2018-07-12 00:50,7599.9,7600.5,7596.9,7597.3
2018-07-12 00:55,7592.7,7599.9,7592.7,7599.6
2018-07-12 01:00,7600.5,7600.5,7589.1,7593.3
2018-07-12 01:05,7596,7602.2,7596,7600.7
2018-07-12 01:10,7599,7601,7596.7,7599
2018-07-12 01:15,7595,7598.7,7594.7,7598.7
2018-07-12 01:20,7594,7594.7,7593.2,7594.7
2018-07-12 01:25,7596,7596,7594.2,7594.2
2018-07-12 01:30,7598.7,7598.7,7596.2,7596.2
2018-07-12 01:35,7598.7,7601,7598.7,7599
2018-07-12 01:40,7598.5,7598.5,7598.5,7598.5
2018-07-12 01:45,7599,7599.5,7598.7,7598.7
2018-07-12 01:50,7599.2,7599.2,7599,7599.2
2018-07-12 01:55,7598,7599,7596.7,7599
2018-07-12 02:00,7597.5,7598,7596.7,7597.7
2018-07-12 02:05,7599.7,7600,7597.5,7597.7
2018-07-12 02:10,7603,7606,7600,7600
2018-07-12 02:15,7604.5,7604.5,7602,7602.5
2018-07-12 02:20,7597.5,7600.7,7595.5,7600.7
2018-07-12 02:25,7595.5,7599,7595,7598
2018-07-12 02:30,7601.7,7601.7,7595.7,7595.7
2018-07-12 02:35,7612.5,7612.5,7602.2,7602.7
2018-07-12 02:40,7614,7615.7,7612.7,7612.7
2018-07-12 02:45,7612.5,7615.7,7612.2,7614.2
2018-07-12 02:50,7611.7,7615.2,7611.7,7612.2
2018-07-12 02:55,7612,7612.7,7610.2,7611.5
2018-07-12 03:00,7614,7614.2,7612.5,7613.5
2018-07-12 03:05,7615.5,7616,7614.2,7614.2
2018-07-12 03:10,7613.2,7616.7,7613,7615.7
2018-07-12 03:15,7613,7614.5,7612.5,7613.5
2018-07-12 03:20,7614.7,7614.7,7611.7,7612.7
2018-07-12 03:25,7613.7,7614.7,7613.7,7614.5
2018-07-12 03:30,7613.5,7615.7,7612.2,7614.2
2018-07-12 03:35,7615.5,7615.5,7613.7,7613.7
2018-07-12 03:40,7615.5,7616.5,7615,7615.7
2018-07-12 03:45,7618,7618.2,7615.7,7615.7
2018-07-12 03:50,7615.7,7618.2,7615,7617.7
2018-07-12 03:55,7615.7,7617.2,7615.5,7616
2018-07-12 04:00,7618.5,7618.5,7615.5,7616
2018-07-12 04:05,7619,7619.5,7618.7,7618.7
2018-07-12 04:10,7616.7,7619.2,7616.7,7619.2
2018-07-12 04:15,7618,7618,7617,7617
2018-07-12 04:20,7617,7618.7,7617,7618.2
2018-07-12 04:25,7617,7617.2,7617,7617.2
2018-07-12 04:30,7615,7616.5,7614.7,7616.5
2018-07-12 04:35,7615.7,7616.5,7615.2,7615.2
2018-07-12 04:40,7615.2,7615.5,7614.7,7614.7
2018-07-12 04:45,7615.7,7616.5,7615.5,7615.5
2018-07-12 04:50,7615.5,7615.5,7615.5,7615.5
2018-07-12 04:55,7616.7,7616.7,7615.7,7615.7
2018-07-12 05:00,7617.7,7617.7,7617,7617
2018-07-12 05:05,7618.5,7618.5,7618,7618
2018-07-12 05:10,7617,7619.2,7617,7618.7
2018-07-12 05:15,7618,7618,7617,7617.2
2018-07-12 05:20,7618.5,7618.7,7618.2,7618.2
2018-07-12 05:25,7618,7618.2,7617.2,7618.2
2018-07-12 05:30,7616.5,7618.5,7615.7,7618.2
2018-07-12 05:35,7616,7616.7,7615.2,7616.7
2018-07-12 05:40,7616,7616.5,7616,7616.2
2018-07-12 05:50,7614.2,7615.7,7614,7615.7
2018-07-12 05:55,7613.7,7615,7613.7,7614.5
2018-07-12 06:00,7617.5,7617.5,7614,7614
2018-07-12 06:05,7617,7617.2,7617,7617.2
2018-07-12 06:10,7618.2,7618.2,7617.2,7617.2
2018-07-12 06:15,7619.2,7620,7618.5,7618.5
2018-07-12 06:20,7620,7620.5,7618,7620
2018-07-12 06:25,7620,7620.5,7619.7,7619.7
2018-07-12 06:30,7621.5,7622.5,7619.7,7620.2
2018-07-12 06:35,7618.7,7621.2,7618.7,7621.2
2018-07-12 06:40,7622.2,7622.5,7619,7619
2018-07-12 06:45,7622.7,7624,7622.5,7622.5
2018-07-12 06:50,7621,7622.5,7621,7622.2
2018-07-12 06:55,7618.7,7621.2,7618.5,7619.7
2018-07-12 07:00,7620,7621.5,7616,7618.2
2018-07-12 07:05,7621.5,7623.2,7619.5,7619.7
2018-07-12 07:10,7621.5,7622,7619.5,7621.7
2018-07-12 07:15,7622.2,7625,7622,7622
2018-07-12 07:20,7618.5,7622.5,7618,7622.5
2018-07-12 07:25,7617,7618.2,7616,7618
2018-07-12 07:30,7617,7619.5,7617,7617.2
2018-07-12 07:35,7616.5,7617.5,7616,7617.2
2018-07-12 07:40,7615.5,7617,7614.5,7616.2
2018-07-12 07:45,7614.7,7616.5,7613.5,7616
2018-07-12 07:50,7614.5,7616.5,7614,7615
2018-07-12 07:55,7611.5,7614.5,7610.5,7614.2
2018-07-12 08:00,7606.7,7612.5,7605.5,7611.5
2018-07-12 08:05,7607,7610,7604,7606.2
2018-07-12 08:10,7603,7609,7602.7,7606.7
2018-07-12 08:15,7608,7611.5,7600.5,7602.5
2018-07-12 08:20,7612,7614,7607.2,7608.2
2018-07-12 08:25,7613.7,7615.5,7609,7611.7
2018-07-12 08:30,7607,7614,7606.7,7613.5
2018-07-12 08:35,7607,7608.5,7604.7,7607.5
2018-07-12 08:40,7602.2,7607.4,7596.7,7607.2
2018-07-12 08:45,7607.2,7607.2,7600.7,7601.9
2018-07-12 08:50,7606.2,7610.2,7603.7,7607.4
2018-07-12 08:55,7615.7,7616.4,7606.2,7606.7
2018-07-12 09:00,7625.7,7626.9,7615.7,7615.9
2018-07-12 09:05,7624.2,7628.7,7623.9,7625.4
2018-07-12 09:10,7623.9,7626.9,7622.2,7624.7
2018-07-12 09:15,7623.9,7624.7,7621.9,7623.7
2018-07-12 09:20,7624.7,7625.4,7621.7,7624.2
2018-07-12 09:25,7627.7,7628.2,7624.4,7624.9
2018-07-12 09:30,7628.7,7629.2,7626.7,7627.4
2018-07-12 09:35,7629.7,7632.7,7628.2,7628.9
2018-07-12 09:40,7629.7,7632.7,7628.2,7629.9
2018-07-12 09:45,7633.2,7633.2,7629.2,7629.9
2018-07-12 09:50,7631.2,7634.2,7630.7,7632.9
2018-07-12 09:55,7626.2,7632.7,7621.4,7630.9
2018-07-12 10:00,7637.2,7638.2,7625.7,7626.4
2018-07-12 10:05,7635.7,7639.7,7635.4,7637.7
2018-07-12 10:10,7637.2,7639.2,7634.7,7636.2
2018-07-12 10:15,7638.7,7640.2,7634.2,7637.4
2018-07-12 10:20,7641.2,7641.7,7637.7,7638.4
2018-07-12 10:25,7641.7,7643.7,7640.9,7641.7
2018-07-12 10:30,7643.2,7644.7,7641.7,7641.9
2018-07-12 10:35,7638.2,7643.2,7638.2,7642.9
2018-07-12 10:40,7641.2,7641.7,7637.9,7638.4
2018-07-12 10:45,7642.7,7643.9,7639.9,7640.9
2018-07-12 10:50,7643.9,7645.2,7641.7,7642.4
2018-07-12 10:55,7642.2,7644.2,7640.9,7643.7
2018-07-12 11:00,7641.7,7644.2,7639.7,7641.9
2018-07-12 11:05,7641.7,7641.7,7637.2,7641.4
2018-07-12 11:10,7640.7,7643.4,7640.7,7641.4
2018-07-12 11:15,7641.2,7641.9,7639.2,7640.9
2018-07-12 11:20,7648.2,7648.7,7640.9,7640.9
2018-07-12 11:25,7650.2,7650.7,7646.7,7648.7
2018-07-12 11:30,7651.7,7653.7,7650.4,7650.4
2018-07-12 11:35,7651.4,7653.2,7649.7,7652.2
2018-07-12 11:40,7652.2,7653.2,7650.7,7651.2
2018-07-12 11:45,7651.2,7652.2,7648.7,7651.7
2018-07-12 11:50,7650.9,7653.7,7650.7,7651.4
2018-07-12 11:55,7653.7,7654.7,7650.7,7651.2
2018-07-12 12:00,7651.7,7654.2,7648.2,7653.2
2018-07-12 12:05,7649.2,7653.2,7649.2,7651.9
2018-07-12 12:10,7651.2,7652.4,7649.4,7649.4
2018-07-12 12:15,7652.7,7652.7,7650.4,7651.4
2018-07-12 12:20,7658.2,7658.7,7652.4,7652.9
2018-07-12 12:25,7660.2,7661.7,7657.2,7658.7
2018-07-12 12:30,7660.7,7662.4,7658.7,7659.9
2018-07-12 12:35,7663.2,7664.7,7659.7,7660.2
2018-07-12 12:40,7658.6,7662.6,7658.6,7662.1
2018-07-12 12:45,7659.6,7661.6,7656.8,7658.8
2018-07-12 12:50,7661.6,7662.6,7659.3,7659.3
2018-07-12 12:55,7659.8,7662.6,7659.1,7661.8
2018-07-12 13:00,7660.8,7661.1,7657.6,7660.1
2018-07-12 13:05,7659.8,7661.6,7659.3,7660.6
2018-07-12 13:10,7660.6,7662.6,7659.6,7660.1
2018-07-12 13:15,7659.8,7661.1,7659.1,7661.1
2018-07-12 13:20,7660.1,7660.6,7658.6,7660.1
2018-07-12 13:25,7657.8,7661.6,7657.8,7659.8
2018-07-12 13:30,7662.3,7662.6,7656.6,7657.3
2018-07-12 13:35,7656.6,7663.1,7656.3,7662.1
2018-07-12 13:40,7651.1,7657.1,7650.1,7657.1
2018-07-12 13:45,7651.1,7654.8,7650.6,7651.6
2018-07-12 13:50,7654.1,7654.6,7649.6,7651.3
2018-07-12 13:55,7650.6,7654.1,7649.1,7653.8
2018-07-12 14:00,7651.1,7652.6,7649.8,7651.1
2018-07-12 14:05,7647.6,7651.6,7647.6,7650.6
2018-07-12 14:10,7648.1,7649.1,7646.3,7647.3
2018-07-12 14:15,7647.6,7649.1,7646.6,7648.3
2018-07-12 14:20,7647.6,7648.6,7646.6,7647.8
2018-07-12 14:25,7645.1,7648.6,7644.6,7647.8
2018-07-12 14:30,7643.6,7647.1,7641.3,7645.3
2018-07-12 14:35,7640.8,7644.6,7640.1,7643.8
2018-07-12 14:40,7637.6,7640.6,7634.6,7640.6
2018-07-12 14:45,7637.8,7638.6,7631.8,7637.8
2018-07-12 14:50,7644.1,7644.6,7637.3,7637.6
2018-07-12 14:55,7644.6,7645.1,7641.6,7644.3
2018-07-12 15:00,7646.1,7647.6,7642.6,7644.3
2018-07-12 15:05,7647.8,7648.6,7644.1,7646.3
2018-07-12 15:10,7644.6,7649.4,7644.4,7648.1
2018-07-12 15:15,7650.9,7652.4,7644.4,7644.4
2018-07-12 15:20,7650.1,7652.6,7647.9,7651.1
2018-07-12 15:25,7652.9,7656.9,7648.9,7649.9
2018-07-12 15:30,7649.4,7656.4,7648.4,7653.1
2018-07-12 15:35,7648.4,7650.4,7644.9,7649.1
2018-07-12 15:40,7646.6,7649.9,7645.1,7648.6
2018-07-12 15:45,7643.9,7647.4,7642.4,7646.9
2018-07-12 15:50,7646.4,7648.9,7643.9,7644.1
2018-07-12 15:55,7646.6,7647.4,7642.4,7646.6
2018-07-12 16:00,7651.9,7652.1,7647.4,7647.4
2018-07-12 16:05,7652.6,7654.9,7651.4,7652.1
2018-07-12 16:10,7651.9,7653.9,7650.4,7652.9
2018-07-12 16:15,7653.4,7654.4,7650.9,7651.6
2018-07-12 16:20,7655.4,7657.4,7652.1,7653.6
2018-07-12 16:25,7654.4,7658.1,7652.9,7655.9
2018-07-12 16:30,7650.9,7657.9,7649.4,7654.1
2018-07-12 16:35,7651.4,7652.4,7647.9,7651.1
2018-07-12 16:40,7650.9,7652.4,7649.4,7651.6
2018-07-12 16:45,7649.4,7651.4,7647.9,7651.1
2018-07-12 16:50,7649.9,7650.4,7647.6,7649.6
2018-07-12 16:55,7652.9,7653.4,7648.9,7649.4
2018-07-12 17:00,7656.4,7656.4,7652.6,7652.6
2018-07-12 17:05,7657.4,7657.4,7654.4,7656.6
2018-07-12 17:10,7646.6,7647.4,7642.4,7646.6
2018-07-12 17:15,7664.1,7664.4,7659.4,7659.6
2018-07-12 17:20,7661.4,7664.1,7660.9,7663.9
2018-07-12 17:25,7665.4,7665.9,7661.1,7661.6
2018-07-12 17:30,7663.6,7666.1,7662.9,7665.6
2018-07-12 17:35,7661.4,7666.6,7661.4,7663.9
2018-07-12 17:40,7655.9,7662.1,7652.4,7661.9
2018-07-12 17:45,7661.1,7661.1,7655.9,7656.1
2018-07-12 17:50,7665.4,7665.6,7660.9,7660.9
2018-07-12 17:55,7667.1,7667.1,7663.6,7665.1
2018-07-12 18:00,7668.6,7669.4,7666.6,7667.4
2018-07-12 18:05,7666.1,7671.4,7664.9,7668.9
2018-07-12 18:10,7667.6,7668.4,7664.4,7666.4
2018-07-12 18:15,7669.1,7669.6,7667.4,7667.9
2018-07-12 18:20,7665.6,7668.9,7664.4,7668.9
2018-07-12 18:25,7670.1,7670.1,7664.9,7665.9
2018-07-12 18:30,7664.4,7671.1,7663.9,7670.4
2018-07-12 18:35,7667.6,7667.6,7664.1,7664.6
2018-07-12 18:40,7666.1,7668.9,7665.6,7667.9
2018-07-12 18:45,7667.6,7668.6,7666.4,7666.4
2018-07-12 18:50,7667.1,7668.6,7665.1,7667.9
2018-07-12 18:55,7665.6,7668.4,7664.6,7666.9
2018-07-12 19:00,7667.1,7668.6,7665.4,7665.9
2018-07-12 19:05,7666.9,7667.4,7665.4,7667.4
2018-07-12 19:10,7667.6,7667.9,7666.6,7667.4
2018-07-12 19:15,7668.4,7668.9,7666.9,7667.9
2018-07-12 19:20,7669.1,7670.9,7668.4,7668.9
2018-07-12 19:25,7667.1,7669.1,7666.9,7668.9
2018-07-12 19:30,7668.6,7668.6,7665.1,7667.4
2018-07-12 19:35,7666.4,7669.1,7665.1,7668.4
2018-07-12 19:40,7664.6,7666.1,7663.4,7666.1
2018-07-12 19:45,7663.6,7666.1,7663.4,7664.9
2018-07-12 19:50,7665.6,7666.4,7663.4,7663.4
2018-07-12 19:55,7668.1,7668.4,7664.4,7665.4
2018-07-12 20:00,7671.4,7671.4,7668.4,7668.4
2018-07-12 20:05,7668.6,7671.4,7668.6,7671.1
2018-07-12 20:10,7668.4,7669.1,7664.9,7668.4
2018-07-12 20:15,7666.6,7671.1,7666.4,7668.6
2018-07-12 20:20,7662.6,7666.9,7661.9,7666.4
2018-07-12 20:25,7668.1,7669.4,7662.4,7662.4
2018-07-12 20:30,7666.6,7668.1,7665.9,7667.6
2018-07-12 20:35,7667.6,7668.4,7666.4,7666.4
2018-07-12 20:40,7666.1,7668.6,7665.4,7667.4
2018-07-12 20:45,7672.6,7672.9,7665.1,7665.9
2018-07-12 20:50,7670.1,7672.9,7670.1,7670.6
2018-07-12 20:55,7669.4,7675.4,7669,7669.9
2018-07-12 21:00,7667,7670.6,7664.5,7670
2018-07-12 21:05,7663.9,7667.6,7660.8,7667.6
2018-07-12 21:10,7667.6,7668.5,7664.5,7664.5
2018-07-12 21:15,7667.4,7667.6,7667,7667.5
2018-07-12 21:20,7667.7,7667.9,7667.4,7667.5
2018-07-12 21:25,7667.8,7668.2,7667.4,7667.8
2018-07-12 21:30,7664.2,7667.9,7663.6,7666
2018-07-12 21:35,7667.3,7667.3,7664.2,7664.8
2018-07-12 21:40,7667.9,7668.5,7666,7666.6
2018-07-12 21:45,7666.6,7668.5,7666,7668.5
2018-07-12 21:50,7667.9,7667.9,7666.6,7667.3
2018-07-12 21:55,7666.6,7668.5,7666,7667.3
2018-07-12 22:00,7667,7667,7666.2,7666.7
2018-07-12 22:05,7667.3,7667.3,7667.1,7667.1
2018-07-12 22:10,7667,7667.1,7666.9,7667.1
2018-07-12 22:15,7666,7667,7666,7666.2
2018-07-12 22:20,7666,7666,7665.7,7665.7
2018-07-12 22:25,7665.9,7665.9,7665.7,7665.7
2018-07-12 22:30,7665.5,7666.5,7665.5,7666.5
2018-07-12 22:35,7666.3,7666.3,7665.1,7665.6
2018-07-12 22:40,7666.9,7666.9,7666.9,7666.9
2018-07-12 22:45,7667.9,7667.9,7667.9,7667.9
2018-07-12 22:50,7668.1,7668.3,7667.8,7668.1
2018-07-12 22:55,7668.1,7668.1,7668,7668
2018-07-12 23:00,7668.6,7669.2,7667.3,7669.2
2018-07-12 23:05,7667.6,7669.2,7667.6,7668.9
2018-07-12 23:10,7667.6,7668.2,7667.6,7667.9
2018-07-12 23:15,7667.6,7668.2,7667,7668.2
2018-07-12 23:20,7668.2,7668.2,7667.6,7667.9
2018-07-12 23:25,7669.4,7669.4,7668.8,7668.8
2018-07-12 23:30,7668.6,7670,7668.6,7669.7
2018-07-12 23:35,7666.7,7668,7666.4,7668
2018-07-12 23:40,7667.3,7667.3,7665.5,7666.4
2018-07-12 23:45,7667.3,7668,7667.3,7667.6
2018-07-12 23:55,7668,7668,7666.7,7666.7
2018-07-13 00:00,7671.6,7672.2,7669.2,7669.2
2018-07-13 00:05,7669.8,7671,7669.8,7671
2018-07-13 00:10,7671.6,7671.6,7669.2,7669.2
2018-07-13 00:15,7671,7671,7670.4,7671
2018-07-13 00:20,7671,7671,7670.4,7670.7
2018-07-13 00:25,7671,7672.9,7671,7671.6
2018-07-13 00:30,7671,7671.6,7670.4,7671.6
2018-07-13 00:35,7672.9,7673.5,7671.3,7671.3
2018-07-13 00:40,7672.9,7673.5,7672.2,7673.5
2018-07-13 00:45,7679,7679,7672.9,7673.5
2018-07-13 00:50,7679.4,7680.4,7677.7,7679.6
2018-07-13 00:55,7680.1,7681.7,7678.3,7680.4
2018-07-13 01:00,7685.4,7686.6,7678.9,7680.7
2018-07-13 01:05,7683.1,7685.1,7680.9,7685.1
2018-07-13 01:10,7687.4,7687.4,7682.6,7682.9
2018-07-13 01:15,7689.4,7689.6,7687.1,7687.1
2018-07-13 01:20,7688.1,7689.6,7688.1,7689.6
2018-07-13 01:25,7685.9,7687.9,7685.6,7687.9
2018-07-13 01:30,7685.9,7687.9,7685.4,7685.4
2018-07-13 01:35,7682.9,7687.6,7682.9,7685.6
2018-07-13 01:40,7682.4,7684.6,7682.4,7684.1
2018-07-13 01:45,7682.4,7683.4,7681.9,7681.9
2018-07-13 01:50,7682.1,7682.9,7681.1,7682.1
2018-07-13 01:55,7683.1,7684.1,7681.6,7681.9
2018-07-13 02:00,7682.6,7684.9,7682.6,7683.4
2018-07-13 02:05,7683.1,7683.4,7681.4,7682.9
2018-07-13 02:10,7683.6,7683.6,7683.4,7683.4
2018-07-13 02:15,7683.1,7683.4,7682.9,7683.4
2018-07-13 02:20,7683.4,7683.6,7683.4,7683.4
2018-07-13 02:25,7683.4,7683.6,7683.4,7683.6
2018-07-13 02:30,7683.6,7684.4,7682.4,7683.1
2018-07-13 02:35,7681.6,7683.4,7681.6,7683.4
2018-07-13 02:40,7680.4,7681.6,7680.4,7681.4
2018-07-13 02:45,7678.4,7680.1,7678.4,7680.1
2018-07-13 02:50,7680.1,7680.4,7677.4,7678.1
2018-07-13 02:55,7680.1,7680.4,7680.1,7680.4
2018-07-13 03:00,7679.9,7679.9,7679.6,7679.9
2018-07-13 03:05,7680.6,7680.6,7680.6,7680.6
2018-07-13 03:10,7680.9,7681.1,7680.9,7680.9
2018-07-13 03:15,7681.4,7682.6,7681.1,7681.4
2018-07-13 03:20,7679.9,7680.4,7679.6,7680.4
2018-07-13 03:30,7678.1,7679.4,7677.9,7679.4
2018-07-13 03:35,7679.6,7681.1,7679.4,7679.4
2018-07-13 03:40,7680.1,7680.1,7679.1,7679.1
2018-07-13 03:45,7682.4,7682.6,7681.4,7681.4
2018-07-13 03:50,7683.4,7683.9,7682.6,7682.6
2018-07-13 04:05,7683.6,7683.6,7683.6,7683.6
2018-07-13 04:10,7683.9,7683.9,7683.9,7683.9
2018-07-13 04:20,7684.1,7684.1,7684.1,7684.1
2018-07-13 04:40,7685.6,7686.6,7681.9,7684.9
2018-07-13 04:45,7690.4,7691.4,7681.9,7685.9
2018-07-13 04:50,7691.6,7692.4,7690.4,7690.6
2018-07-13 04:55,7691.4,7691.9,7690.9,7691.4
2018-07-13 05:00,7692.9,7693.9,7691.6,7691.6
2018-07-13 05:05,7692.1,7693.1,7691.9,7693.1
2018-07-13 05:10,7692.6,7692.6,7692.1,7692.4
2018-07-13 05:15,7692.6,7692.9,7692.6,7692.9
2018-07-13 05:20,7691.9,7693.6,7691.6,7692.1
2018-07-13 05:25,7692.6,7693.4,7692.6,7692.9
2018-07-13 05:30,7693.1,7693.1,7692.9,7692.9
2018-07-13 05:35,7693.9,7693.9,7693.4,7693.4
2018-07-13 05:40,7693.6,7693.6,7693.6,7693.6
2018-07-13 05:45,7692.9,7693.9,7692.6,7693.4
2018-07-13 05:50,7693.1,7693.4,7692.6,7692.6
2018-07-13 05:55,7693.4,7693.4,7693.4,7693.4
2018-07-13 06:00,7695.4,7695.6,7692.1,7693.1
2018-07-13 06:05,7694.9,7695.1,7694.4,7695.1
2018-07-13 06:10,7694.1,7695.1,7693.6,7695.1
2018-07-13 06:15,7694.9,7695.1,7694.4,7694.4
2018-07-13 06:20,7695.1,7695.4,7694.9,7695.1
2018-07-13 06:25,7695.4,7695.6,7695.1,7695.4
2018-07-13 06:30,7694.6,7696.1,7694.6,7695.6
2018-07-13 06:35,7693.1,7694.4,7693.1,7694.4
2018-07-13 06:40,7692.4,7692.9,7692.1,7692.9
2018-07-13 06:45,7691.6,7692.4,7690.4,7692.1
2018-07-13 06:50,7689.1,7691.4,7689.1,7691.4
2018-07-13 06:55,7688.6,7689.9,7687.6,7689.4
2018-07-13 07:00,7695.4,7695.9,7686.1,7687.4
2018-07-13 07:05,7696.4,7697.9,7695.1,7695.6
2018-07-13 07:15,7696.4,7699.6,7695.9,7697.6
2018-07-13 07:20,7694.4,7696.9,7693.9,7696.1
2018-07-13 07:25,7691.6,7695.1,7691.1,7694.6
2018-07-13 07:30,7693.4,7693.6,7690.9,7691.9
2018-07-13 07:35,7690.9,7693.9,7690.9,7693.6
2018-07-13 07:40,7692.4,7693.4,7691.1,7691.4
2018-07-13 07:45,7694.9,7694.9,7692.6,7692.6
2018-07-13 07:50,7698.4,7698.9,7693.9,7694.1
2018-07-13 07:55,7691.4,7699.1,7691.1,7698.1
2018-07-13 08:00,7694.4,7695.9,7683.9,7691.4
2018-07-13 08:05,7703.9,7703.9,7693.9,7694.9
2018-07-13 08:10,7700.9,7709.4,7699.9,7704.1
2018-07-13 08:15,7712.6,7714.9,7700.9,7701.4
2018-07-13 08:20,7712.4,7718.1,7712.4,7712.4
2018-07-13 08:25,7710.1,7712.9,7706.9,7712.6
2018-07-13 08:30,7696.4,7699.6,7695.9,7697.6
2018-07-13 08:35,7708.9,7713.9,7706.9,7711.1
2018-07-13 08:40,7713.2,7714.7,7707.7,7707.7
2018-07-13 08:45,7709.2,7714.9,7709.2,7713.4
2018-07-13 08:50,7705.4,7710.2,7699.9,7709.4
2018-07-13 08:55,7706.7,7707.7,7701.7,7705.2
2018-07-13 09:00,7707.2,7709.2,7706.4,7706.9
2018-07-13 09:05,7708.9,7710.2,7706.2,7707.4
2018-07-13 09:10,7705.2,7709.2,7703.7,7708.7
2018-07-13 09:15,7706.2,7707.2,7700.9,7704.9
2018-07-13 09:20,7703.7,7706.2,7701.7,7705.9
2018-07-13 09:25,7697.2,7704.2,7697.2,7703.9
2018-07-13 09:30,7698.2,7698.7,7695.9,7696.7
2018-07-13 09:35,7698.2,7701.7,7695.9,7698.4
2018-07-13 09:40,7697.2,7699.2,7696.9,7698.4
2018-07-13 09:45,7697.9,7699.4,7695.7,7696.9
2018-07-13 09:50,7695.7,7699.2,7695.2,7697.7
2018-07-13 09:55,7694.2,7696.2,7692.2,7696.2
2018-07-13 10:00,7692.2,7695.7,7691.7,7694.7
2018-07-13 10:05,7691.7,7695.7,7691.2,7692.7
2018-07-13 10:10,7692.2,7694.7,7691.2,7691.9
2018-07-13 10:15,7693.7,7694.2,7691.7,7691.7
2018-07-13 10:20,7686.2,7695.2,7686.2,7693.4
2018-07-13 10:25,7686.2,7690.2,7685.2,7686.4
2018-07-13 10:30,7685.2,7687.2,7684.4,7686.4
2018-07-13 10:35,7674.9,7686.2,7674.9,7685.4
2018-07-13 10:40,7678.2,7681.2,7672.2,7675.2
2018-07-13 10:45,7677.7,7682.2,7677.2,7677.9
2018-07-13 10:50,7679.4,7682.2,7677.4,7677.4
2018-07-13 10:55,7683.2,7683.2,7677.2,7679.2
2018-07-13 11:00,7682.2,7683.7,7679.2,7683.4
2018-07-13 11:05,7680.7,7682.7,7679.7,7681.7
2018-07-13 11:10,7690.4,7690.7,7680.7,7680.9
2018-07-13 11:15,7688.2,7692.2,7687.7,7690.2
2018-07-13 11:20,7686.7,7690.2,7686.7,7688.4
2018-07-13 11:25,7683.7,7686.7,7683.7,7686.2
2018-07-13 11:30,7686.7,7687.7,7683.7,7683.9
2018-07-13 11:35,7683.7,7687.2,7683.7,7686.4
2018-07-13 11:40,7684.7,7685.2,7682.2,7683.9
2018-07-13 11:45,7689.7,7689.7,7684.7,7685.2
2018-07-13 11:50,7688.7,7691.7,7687.7,7690.2
2018-07-13 11:55,7685.2,7690.7,7683.2,7689.2
2018-07-13 12:00,7683.2,7687.7,7680.7,7684.9
2018-07-13 12:05,7682.7,7684.2,7681.9,7683.7
2018-07-13 12:10,7679.7,7683.2,7679.7,7682.9
2018-07-13 12:15,7680.2,7680.7,7677.9,7679.9
2018-07-13 12:20,7683.2,7683.7,7680.4,7680.4
2018-07-13 12:25,7683.4,7684.7,7682.7,7683.4
2018-07-13 12:30,7680.7,7683.2,7680.7,7683.2
2018-07-13 12:35,7681.7,7683.9,7680.7,7681.2
2018-07-13 12:40,7682.9,7684.6,7681.4,7681.9
2018-07-13 12:45,7685.1,7685.9,7682.4,7682.4
2018-07-13 12:50,7683.9,7685.9,7681.9,7684.9
2018-07-13 12:55,7689.4,7690.1,7682.1,7683.6
2018-07-13 13:00,7684.4,7689.6,7683.9,7689.6
2018-07-13 13:05,7682.4,7684.9,7682.4,7684.6
2018-07-13 13:10,7678.4,7682.4,7678.4,7681.9
2018-07-13 13:15,7679.9,7681.9,7677.4,7678.6
2018-07-13 13:20,7680.6,7681.4,7678.9,7679.4
2018-07-13 13:25,7679.4,7680.9,7678.6,7680.9
2018-07-13 13:30,7680.1,7680.6,7676.9,7679.6
2018-07-13 13:35,7678.4,7680.1,7676.9,7679.9
2018-07-13 13:40,7679.6,7681.4,7675.9,7678.1
2018-07-13 13:45,7681.9,7682.6,7679.1,7679.1
2018-07-13 13:50,7681.9,7683.4,7681.9,7682.4
2018-07-13 13:55,7680.9,7682.4,7677.1,7681.6
2018-07-13 14:00,7681.9,7683.4,7678.1,7680.6
2018-07-13 14:05,7679.9,7682.9,7679.4,7682.1
2018-07-13 14:10,7689.4,7690.1,7682.1,7683.6
2018-07-13 14:15,7678.4,7682.9,7677.9,7682.9
2018-07-13 14:20,7676.4,7678.9,7675.4,7678.1
2018-07-13 14:25,7677.6,7678.4,7675.4,7676.6
2018-07-13 14:30,7680.1,7683.9,7676.4,7677.4
2018-07-13 14:35,7679.9,7683.4,7679.9,7679.9
2018-07-13 14:40,7669.4,7680.4,7668.9,7680.1
2018-07-13 14:45,7671.9,7672.9,7666.4,7669.1
2018-07-13 14:50,7665.9,7672.4,7664.4,7672.1
2018-07-13 14:55,7664.1,7666.6,7662.4,7665.6
2018-07-13 15:00,7666.9,7667.9,7663.4,7664.4
2018-07-13 15:05,7667.6,7670.6,7665.1,7667.1
2018-07-13 15:10,7669.7,7673.2,7668.4,7668.4
2018-07-13 15:15,7667.9,7672.7,7666.7,7669.9
2018-07-13 15:20,7667.2,7669.2,7665.7,7668.2
2018-07-13 15:25,7667.2,7670.2,7666.7,7667.4
2018-07-13 15:30,7670.7,7671.7,7667.4,7667.7
2018-07-13 15:35,7674.7,7675.2,7670.2,7670.2
2018-07-13 15:40,7674.2,7677.7,7673.4,7674.2
2018-07-13 15:45,7671.2,7674.9,7671.2,7673.9
2018-07-13 15:50,7670.4,7671.9,7668.7,7671.4
2018-07-13 15:55,7672.2,7672.7,7669.2,7670.2
2018-07-13 16:00,7670.2,7672.9,7668.2,7672.4
2018-07-13 16:05,7671.9,7673.7,7670.2,7670.7
2018-07-13 16:10,7671.7,7673.7,7670.2,7671.7
2018-07-13 16:15,7670.2,7673.2,7668.7,7671.9
2018-07-13 16:20,7670.7,7672.2,7669.2,7670.4
2018-07-13 16:25,7666.7,7672.2,7665.2,7670.4
2018-07-13 16:30,7660.4,7670.4,7659.7,7667.2
2018-07-13 16:35,7666.2,7667.2,7659.9,7660.7
2018-07-13 16:40,7666.2,7668.2,7657.7,7666.4
2018-07-13 16:45,7661.9,7666.7,7659.4,7665.9
2018-07-13 16:50,7664.2,7664.2,7658.7,7662.2
2018-07-13 16:55,7661.4,7663.7,7660.2,7663.7
2018-07-13 17:00,7661.9,7663.2,7659.4,7661.7
2018-07-13 17:05,7662.9,7663.2,7659.9,7661.7
2018-07-13 17:10,7666.4,7667.2,7662.9,7663.2
2018-07-13 17:15,7666.4,7667.7,7663.9,7666.2
2018-07-13 17:20,7661.7,7666.2,7660.7,7666.2
2018-07-13 17:25,7662.4,7662.7,7659.9,7661.9
2018-07-13 17:30,7660.9,7663.2,7659.2,7662.7
2018-07-13 17:35,7661.2,7662.4,7660.7,7661.2
2018-07-13 17:40,7661.4,7663.7,7660.4,7661.4
2018-07-13 17:45,7660.4,7662.2,7659.2,7661.7
2018-07-13 17:50,7664.2,7664.2,7658.9,7660.7
2018-07-13 17:55,7665.2,7666.7,7663.9,7663.9
2018-07-13 18:00,7666.2,7667.2,7664.2,7664.9
2018-07-13 18:05,7665.7,7666.7,7665.2,7665.7
2018-07-13 18:10,7662.4,7665.7,7662.2,7665.4
2018-07-13 18:15,7662.2,7662.7,7660.9,7662.2
2018-07-13 18:20,7663.4,7663.7,7661.7,7662.4
2018-07-13 18:25,7664.7,7664.7,7662.4,7662.9
2018-07-13 18:30,7662.7,7665.2,7662.7,7664.4
2018-07-13 18:35,7661.4,7662.9,7661.4,7662.9
2018-07-13 18:40,7660.9,7661.9,7660.4,7661.7
2018-07-13 18:45,7657.9,7660.7,7657.7,7660.7
2018-07-13 18:50,7659.7,7659.9,7658.2,7658.2
2018-07-13 18:55,7662.4,7662.7,7659.9,7659.9
2018-07-13 19:00,7662.2,7662.4,7661.2,7662.2
2018-07-13 19:05,7660.9,7662.9,7660.9,7662.7
2018-07-13 19:10,7661.4,7662.4,7660.4,7660.7
2018-07-13 19:15,7657.7,7661.4,7657.7,7661.2
2018-07-13 19:20,7658.9,7660.4,7657.7,7658.2
2018-07-13 19:25,7659.7,7660.4,7658.4,7659.2
2018-07-13 19:30,7658.7,7659.9,7658.4,7659.4
2018-07-13 19:35,7659.2,7659.4,7657.9,7658.4
2018-07-13 19:40,7659.2,7659.9,7658.7,7658.9
2018-07-13 19:45,7659.2,7659.9,7657.7,7658.9
2018-07-13 19:50,7661.4,7662.9,7661.4,7662.9
2018-07-13 19:55,7659.2,7661.4,7659.2,7660.2
2018-07-13 20:00,7661.2,7661.7,7659.2,7659.4
2018-07-13 20:05,7661.2,7661.7,7660.4,7660.9
2018-07-13 20:10,7660.7,7661.7,7660.4,7661.4
2018-07-13 20:15,7660.4,7661.7,7660.4,7660.9
2018-07-13 20:20,7658.4,7660.2,7657.9,7660.2
2018-07-13 20:25,7659.2,7659.4,7657.9,7658.7
2018-07-13 20:30,7660.4,7660.9,7658.7,7658.9
2018-07-13 20:35,7663.7,7663.9,7660.7,7660.7
2018-07-13 20:40,7660.2,7665.2,7659.4,7663.9
2018-07-13 20:45,7658.7,7659.9,7658.7,7659.9
2018-07-13 20:50,7664.7,7664.7,7659.4,7659.4
2018-07-13 20:55,7667.8,7670.4,7661.7,7665.2
2018-07-13 21:00,7669,7669,7666,7667.2
2018-07-13 21:05,7669.7,7669.7,7667.8,7668.4
2018-07-13 21:10,7669.5,7671.5,7667.8,7670.3
2018-07-13 21:15,7669.4,7670.1,7669,7669.4
2018-07-13 21:20,7669,7669.6,7669,7669.5
2018-07-13 21:25,7669,7669.1,7669,7669.1
2018-07-13 21:30,7670.6,7671.2,7668.1,7668.7
2018-07-13 21:35,7671.8,7671.8,7670.6,7671.2
2018-07-13 21:40,7671.8,7672.4,7671.2,7672.4
2018-07-13 21:45,7671.8,7673,7671.2,7671.2
2018-07-13 21:50,7672.4,7673,7671.8,7672.4
2018-07-13 21:55,7672.3,7673.6,7671.2,7671.8
2018-07-15 23:00,7678.1,7680.5,7676.6,7679.9
2018-07-15 23:05,7683.6,7683.6,7678.7,7678.7
2018-07-15 23:10,7684.5,7685.2,7682.5,7683.3
2018-07-15 23:15,7683.9,7684.9,7682.3,7683.5
2018-07-15 23:20,7683.9,7684.5,7683.3,7683.6
2018-07-15 23:25,7684.5,7685.2,7684.5,7684.5
2018-07-15 23:30,7683.9,7684.5,7683.3,7683.9
2018-07-15 23:35,7684.5,7684.5,7683.3,7683.6
2018-07-15 23:40,7684.5,7685.2,7683.9,7684.8
2018-07-15 23:45,7683.9,7684.5,7683.9,7684.2
2018-07-15 23:50,7685.2,7686.4,7685.2,7685.2
2018-07-15 23:55,7685.8,7685.8,7685.2,7685.8
2018-07-16 00:00,7684.5,7687,7684.5,7686.1
